-- phpMyAdmin SQL Dump
-- version 5.0.2
-- https://www.phpmyadmin.net/
--
-- Hôte : 127.0.0.1:3306
-- Généré le : ven. 14 mai 2021 à 22:13
-- Version du serveur :  5.7.31
-- Version de PHP : 7.3.21

SET SQL_MODE = "NO_AUTO_VALUE_ON_ZERO";
START TRANSACTION;
SET time_zone = "+00:00";


/*!40101 SET @OLD_CHARACTER_SET_CLIENT=@@CHARACTER_SET_CLIENT */;
/*!40101 SET @OLD_CHARACTER_SET_RESULTS=@@CHARACTER_SET_RESULTS */;
/*!40101 SET @OLD_COLLATION_CONNECTION=@@COLLATION_CONNECTION */;
/*!40101 SET NAMES utf8mb4 */;

--
-- Base de données : `tournoi`
--

-- --------------------------------------------------------

--
-- Structure de la table `match`
--

DROP TABLE IF EXISTS `match`;
CREATE TABLE IF NOT EXISTS `match` (
  `id` int(11) NOT NULL AUTO_INCREMENT,
  `fk_team_id_1` int(11) NOT NULL,
  `fk_team_id_2` int(11) NOT NULL,
  `date` datetime DEFAULT NULL,
  `fk_team_id_winner` int(11) DEFAULT NULL,
  `score_1` int(11) DEFAULT NULL,
  `score_2` int(11) DEFAULT NULL,
  `fk_tournament_id` int(11) NOT NULL,
  PRIMARY KEY (`id`),
  KEY `fk_team_id_1` (`fk_team_id_1`),
  KEY `fk_team_id_2` (`fk_team_id_2`),
  KEY `fk_team_id_winner` (`fk_team_id_winner`),
  KEY `fk_tournament_id` (`fk_tournament_id`)
) ENGINE=InnoDB AUTO_INCREMENT=2012 DEFAULT CHARSET=utf8;

--
-- Déchargement des données de la table `match`
--

INSERT INTO `match` (`id`, `fk_team_id_1`, `fk_team_id_2`, `date`, `fk_team_id_winner`, `score_1`, `score_2`, `fk_tournament_id`) VALUES
(2005, 1, 3, '1202-02-05 05:20:00', 1, 7, 2, 1),
(2006, 2, 4, '1202-02-05 05:05:00', 2, 6, 3, 1),
(2007, 5, 7, '1202-12-06 06:05:00', 5, 4, 2, 1),
(2008, 6, 8, '1202-12-07 08:06:00', 8, 1, 2, 1),
(2009, 1, 2, '1202-12-08 09:06:00', 1, 4, 3, 1),
(2010, 5, 8, '1202-12-09 10:06:00', NULL, 2, 0, 1),
(2011, 1, 5, NULL, NULL, NULL, NULL, 1);

-- --------------------------------------------------------

--
-- Structure de la table `privilege`
--

DROP TABLE IF EXISTS `privilege`;
CREATE TABLE IF NOT EXISTS `privilege` (
  `id` int(11) NOT NULL AUTO_INCREMENT,
  `fk_user_id` int(11) NOT NULL,
  `rank` int(11) NOT NULL DEFAULT '0',
  `fk_team_id` int(11) DEFAULT NULL,
  PRIMARY KEY (`id`),
  KEY `fk_team_id` (`fk_team_id`),
  KEY `fk_user_id` (`fk_user_id`)
) ENGINE=InnoDB AUTO_INCREMENT=1363 DEFAULT CHARSET=utf8;

--
-- Déchargement des données de la table `privilege`
--

INSERT INTO `privilege` (`id`, `fk_user_id`, `rank`, `fk_team_id`) VALUES
(1, 1, 2, 2),
(2, 2, 2, 3),
(3, 3, 1, 2),
(4, 4, 1, 2),
(5, 5, 1, 2),
(7, 7, 1, 3),
(8, 8, 2, 4),
(9, 9, 2, 5),
(10, 10, 1, 3),
(11, 11, 1, 3),
(12, 12, 3, NULL),
(13, 13, 1, 4),
(14, 14, 1, 4),
(15, 15, 1, 4),
(16, 16, 2, 1),
(17, 17, 2, 6),
(18, 19, 2, 7),
(19, 20, 1, 5),
(20, 21, 1, 5),
(21, 22, 1, 6),
(22, 23, 1, 6),
(23, 24, 1, 6),
(24, 25, 1, 7),
(25, 26, 1, 7),
(26, 27, 2, 8),
(27, 28, 1, 1),
(28, 29, 1, 7),
(29, 30, 1, 8),
(30, 31, 1, 1),
(31, 32, 1, 8),
(32, 33, 1, 8),
(33, 18, 1, 5),
(34, 48, 4, NULL),
(35, 53, 0, NULL),
(36, 53, 0, NULL),
(37, 58, 0, NULL),
(38, 58, 0, NULL),
(39, 67, 0, NULL),
(40, 68, 0, NULL),
(41, 71, 0, NULL),
(42, 72, 0, NULL),
(43, 73, 4, NULL),
(44, 74, 0, NULL),
(45, 75, 0, NULL),
(46, 73, 2, 1),
(130, 73, 2, 83),
(131, 35, 1, 83),
(132, 73, 2, 84),
(133, 35, 1, 84),
(134, 73, 2, 85),
(139, 76, 0, NULL),
(140, 75, 2, 86),
(141, 77, 0, NULL),
(142, 77, 1, 86),
(143, 78, 0, NULL),
(144, 78, 1, 86),
(145, 75, 2, 87),
(146, 79, 0, NULL),
(147, 79, 1, 87),
(148, 80, 0, NULL),
(149, 80, 1, 87),
(150, 75, 2, 88),
(151, 81, 0, NULL),
(152, 81, 1, 88),
(153, 82, 0, NULL),
(154, 82, 1, 88),
(155, 75, 2, 89),
(156, 83, 0, NULL),
(157, 83, 1, 89),
(158, 84, 0, NULL),
(159, 84, 1, 89),
(160, 75, 2, 90),
(161, 75, 2, 91),
(162, 85, 0, NULL),
(163, 85, 1, 91),
(164, 86, 0, NULL),
(165, 86, 1, 91),
(166, 75, 2, 92),
(167, 87, 0, NULL),
(168, 87, 1, 92),
(169, 88, 0, NULL),
(170, 88, 1, 92),
(171, 75, 2, 93),
(172, 89, 0, NULL),
(173, 89, 1, 93),
(174, 90, 0, NULL),
(175, 90, 1, 93),
(176, 75, 2, 94),
(177, 91, 0, NULL),
(178, 91, 1, 94),
(179, 92, 0, NULL),
(180, 92, 1, 94),
(181, 75, 2, 95),
(182, 93, 0, NULL),
(183, 93, 1, 95),
(184, 94, 0, NULL),
(185, 94, 1, 95),
(186, 75, 2, 96),
(187, 95, 0, NULL),
(188, 95, 1, 96),
(189, 96, 0, NULL),
(190, 96, 1, 96),
(191, 75, 2, 97),
(192, 97, 0, NULL),
(193, 97, 1, 97),
(194, 98, 0, NULL),
(195, 98, 1, 97),
(196, 75, 2, 98),
(197, 99, 0, NULL),
(198, 99, 1, 98),
(199, 100, 0, NULL),
(200, 100, 1, 98),
(201, 75, 2, 99),
(202, 101, 0, NULL),
(203, 101, 1, 99),
(204, 102, 0, NULL),
(205, 102, 1, 99),
(206, 75, 2, 100),
(207, 103, 0, NULL),
(208, 103, 1, 100),
(209, 104, 0, NULL),
(210, 104, 1, 100),
(211, 75, 2, 101),
(212, 105, 0, NULL),
(213, 105, 1, 101),
(214, 106, 0, NULL),
(215, 106, 1, 101),
(216, 107, 0, NULL),
(217, 107, 1, 101),
(218, 108, 0, NULL),
(219, 108, 1, 101),
(220, 109, 0, NULL),
(221, 109, 1, 101),
(222, 75, 2, 102),
(223, 110, 0, NULL),
(224, 110, 1, 102),
(225, 111, 0, NULL),
(226, 111, 1, 102),
(227, 112, 0, NULL),
(228, 112, 1, 102),
(229, 113, 0, NULL),
(230, 113, 1, 102),
(231, 114, 0, NULL),
(232, 114, 1, 102),
(233, 75, 2, 103),
(234, 115, 0, NULL),
(235, 115, 1, 103),
(236, 116, 0, NULL),
(237, 116, 1, 103),
(238, 117, 0, NULL),
(239, 117, 1, 103),
(240, 118, 0, NULL),
(241, 118, 1, 103),
(242, 119, 0, NULL),
(243, 119, 1, 103),
(244, 75, 2, 104),
(245, 120, 0, NULL),
(246, 120, 1, 104),
(247, 121, 0, NULL),
(248, 121, 1, 104),
(249, 122, 0, NULL),
(250, 122, 1, 104),
(251, 123, 0, NULL),
(252, 123, 1, 104),
(253, 124, 0, NULL),
(254, 124, 1, 104),
(255, 75, 2, 105),
(256, 125, 0, NULL),
(257, 125, 1, 105),
(258, 126, 0, NULL),
(259, 126, 1, 105),
(260, 127, 0, NULL),
(261, 127, 1, 105),
(262, 128, 0, NULL),
(263, 128, 1, 105),
(264, 129, 0, NULL),
(265, 129, 1, 105),
(266, 75, 2, 106),
(267, 130, 0, NULL),
(268, 130, 1, 106),
(269, 131, 0, NULL),
(270, 131, 1, 106),
(271, 132, 0, NULL),
(272, 132, 1, 106),
(273, 133, 0, NULL),
(274, 133, 1, 106),
(275, 134, 0, NULL),
(276, 134, 1, 106),
(277, 75, 2, 107),
(278, 135, 0, NULL),
(279, 135, 1, 107),
(280, 136, 0, NULL),
(281, 136, 1, 107),
(282, 137, 0, NULL),
(283, 137, 1, 107),
(284, 138, 0, NULL),
(285, 138, 1, 107),
(286, 139, 0, NULL),
(287, 139, 1, 107),
(288, 75, 2, 108),
(289, 140, 0, NULL),
(290, 140, 1, 108),
(291, 141, 0, NULL),
(292, 141, 1, 108),
(293, 142, 0, NULL),
(294, 142, 1, 108),
(295, 143, 0, NULL),
(296, 143, 1, 108),
(297, 144, 0, NULL),
(298, 144, 1, 108),
(299, 75, 2, 109),
(300, 145, 0, NULL),
(301, 145, 1, 109),
(302, 146, 0, NULL),
(303, 146, 1, 109),
(304, 147, 0, NULL),
(305, 147, 1, 109),
(306, 148, 0, NULL),
(307, 148, 1, 109),
(308, 149, 0, NULL),
(309, 149, 1, 109),
(310, 75, 2, 110),
(311, 150, 0, NULL),
(312, 150, 1, 110),
(313, 151, 0, NULL),
(314, 151, 1, 110),
(315, 152, 0, NULL),
(316, 152, 1, 110),
(317, 153, 0, NULL),
(318, 153, 1, 110),
(319, 154, 0, NULL),
(320, 154, 1, 110),
(321, 75, 2, 111),
(322, 155, 0, NULL),
(323, 155, 1, 111),
(324, 156, 0, NULL),
(325, 156, 1, 111),
(326, 157, 0, NULL),
(327, 157, 1, 111),
(328, 158, 0, NULL),
(329, 158, 1, 111),
(330, 159, 0, NULL),
(331, 159, 1, 111),
(332, 75, 2, 112),
(333, 160, 0, NULL),
(334, 160, 1, 112),
(335, 161, 0, NULL),
(336, 161, 1, 112),
(337, 162, 0, NULL),
(338, 162, 1, 112),
(339, 163, 0, NULL),
(340, 163, 1, 112),
(341, 164, 0, NULL),
(342, 164, 1, 112),
(343, 75, 2, 113),
(344, 165, 0, NULL),
(345, 165, 1, 113),
(346, 166, 0, NULL),
(347, 166, 1, 113),
(348, 167, 0, NULL),
(349, 167, 1, 113),
(350, 168, 0, NULL),
(351, 168, 1, 113),
(352, 169, 0, NULL),
(353, 169, 1, 113),
(354, 75, 2, 114),
(355, 170, 0, NULL),
(356, 170, 1, 114),
(357, 171, 0, NULL),
(358, 171, 1, 114),
(359, 172, 0, NULL),
(360, 172, 1, 114),
(361, 173, 0, NULL),
(362, 173, 1, 114),
(363, 174, 0, NULL),
(364, 174, 1, 114),
(365, 75, 2, 115),
(366, 175, 0, NULL),
(367, 175, 1, 115),
(368, 176, 0, NULL),
(369, 176, 1, 115),
(370, 177, 0, NULL),
(371, 177, 1, 115),
(372, 178, 0, NULL),
(373, 178, 1, 115),
(374, 179, 0, NULL),
(375, 179, 1, 115),
(376, 75, 2, 116),
(377, 180, 0, NULL),
(378, 180, 1, 116),
(379, 181, 0, NULL),
(380, 181, 1, 116),
(381, 182, 0, NULL),
(382, 182, 1, 116),
(383, 183, 0, NULL),
(384, 183, 1, 116),
(385, 184, 0, NULL),
(386, 184, 1, 116),
(387, 75, 2, 117),
(388, 185, 0, NULL),
(389, 185, 1, 117),
(390, 186, 0, NULL),
(391, 186, 1, 117),
(392, 187, 0, NULL),
(393, 187, 1, 117),
(394, 188, 0, NULL),
(395, 188, 1, 117),
(396, 189, 0, NULL),
(397, 189, 1, 117),
(398, 75, 2, 118),
(399, 190, 0, NULL),
(400, 190, 1, 118),
(401, 191, 0, NULL),
(402, 191, 1, 118),
(403, 192, 0, NULL),
(404, 192, 1, 118),
(405, 193, 0, NULL),
(406, 193, 1, 118),
(407, 194, 0, NULL),
(408, 194, 1, 118),
(409, 75, 2, 119),
(410, 195, 0, NULL),
(411, 195, 1, 119),
(412, 196, 0, NULL),
(413, 196, 1, 119),
(414, 197, 0, NULL),
(415, 197, 1, 119),
(416, 198, 0, NULL),
(417, 198, 1, 119),
(418, 199, 0, NULL),
(419, 199, 1, 119),
(420, 75, 2, 120),
(421, 200, 0, NULL),
(422, 200, 1, 120),
(423, 201, 0, NULL),
(424, 201, 1, 120),
(425, 202, 0, NULL),
(426, 202, 1, 120),
(427, 203, 0, NULL),
(428, 203, 1, 120),
(429, 204, 0, NULL),
(430, 204, 1, 120),
(431, 75, 2, 121),
(432, 205, 0, NULL),
(433, 205, 1, 121),
(434, 206, 0, NULL),
(435, 206, 1, 121),
(436, 207, 0, NULL),
(437, 207, 1, 121),
(438, 208, 0, NULL),
(439, 208, 1, 121),
(440, 209, 0, NULL),
(441, 209, 1, 121),
(442, 75, 2, 122),
(443, 210, 0, NULL),
(444, 210, 1, 122),
(445, 211, 0, NULL),
(446, 211, 1, 122),
(447, 212, 0, NULL),
(448, 212, 1, 122),
(449, 213, 0, NULL),
(450, 213, 1, 122),
(451, 214, 0, NULL),
(452, 214, 1, 122),
(453, 75, 2, 123),
(454, 215, 0, NULL),
(455, 215, 1, 123),
(456, 216, 0, NULL),
(457, 216, 1, 123),
(458, 217, 0, NULL),
(459, 217, 1, 123),
(460, 218, 0, NULL),
(461, 218, 1, 123),
(462, 219, 0, NULL),
(463, 219, 1, 123),
(464, 75, 2, 124),
(465, 220, 0, NULL),
(466, 220, 1, 124),
(467, 221, 0, NULL),
(468, 221, 1, 124),
(469, 222, 0, NULL),
(470, 222, 1, 124),
(471, 223, 0, NULL),
(472, 223, 1, 124),
(473, 224, 0, NULL),
(474, 224, 1, 124),
(475, 75, 2, 125),
(476, 225, 0, NULL),
(477, 225, 1, 125),
(478, 226, 0, NULL),
(479, 226, 1, 125),
(480, 227, 0, NULL),
(481, 227, 1, 125),
(482, 228, 0, NULL),
(483, 228, 1, 125),
(484, 229, 0, NULL),
(485, 229, 1, 125),
(486, 75, 2, 126),
(487, 230, 0, NULL),
(488, 230, 1, 126),
(489, 231, 0, NULL),
(490, 231, 1, 126),
(491, 232, 0, NULL),
(492, 232, 1, 126),
(493, 233, 0, NULL),
(494, 233, 1, 126),
(495, 234, 0, NULL),
(496, 234, 1, 126),
(497, 75, 2, 127),
(498, 235, 0, NULL),
(499, 235, 1, 127),
(500, 236, 0, NULL),
(501, 236, 1, 127),
(502, 237, 0, NULL),
(503, 237, 1, 127),
(504, 238, 0, NULL),
(505, 238, 1, 127),
(506, 239, 0, NULL),
(507, 239, 1, 127),
(508, 75, 2, 128),
(509, 240, 0, NULL),
(510, 240, 1, 128),
(511, 75, 2, 129),
(512, 241, 0, NULL),
(513, 241, 1, 129),
(514, 242, 0, NULL),
(515, 242, 1, 129),
(516, 243, 0, NULL),
(517, 243, 1, 129),
(518, 244, 0, NULL),
(519, 244, 1, 129),
(520, 245, 0, NULL),
(521, 245, 1, 129),
(522, 75, 2, 130),
(523, 246, 0, NULL),
(524, 246, 1, 130),
(525, 247, 0, NULL),
(526, 247, 1, 130),
(527, 248, 0, NULL),
(528, 248, 1, 130),
(529, 249, 0, NULL),
(530, 249, 1, 130),
(531, 250, 0, NULL),
(532, 250, 1, 130),
(533, 75, 2, 131),
(534, 251, 0, NULL),
(535, 251, 1, 131),
(536, 252, 0, NULL),
(537, 252, 1, 131),
(538, 253, 0, NULL),
(539, 253, 1, 131),
(540, 254, 0, NULL),
(541, 254, 1, 131),
(542, 255, 0, NULL),
(543, 255, 1, 131),
(544, 75, 2, 132),
(545, 256, 0, NULL),
(546, 256, 1, 132),
(547, 257, 0, NULL),
(548, 257, 1, 132),
(549, 258, 0, NULL),
(550, 258, 1, 132),
(551, 259, 0, NULL),
(552, 259, 1, 132),
(553, 260, 0, NULL),
(554, 260, 1, 132),
(555, 75, 2, 133),
(556, 261, 0, NULL),
(557, 261, 1, 133),
(558, 262, 0, NULL),
(559, 262, 1, 133),
(560, 263, 0, NULL),
(561, 263, 1, 133),
(562, 264, 0, NULL),
(563, 264, 1, 133),
(564, 265, 0, NULL),
(565, 265, 1, 133),
(566, 75, 2, 134),
(567, 266, 0, NULL),
(568, 266, 1, 134),
(569, 267, 0, NULL),
(570, 267, 1, 134),
(571, 268, 0, NULL),
(572, 268, 1, 134),
(573, 269, 0, NULL),
(574, 269, 1, 134),
(575, 270, 0, NULL),
(576, 270, 1, 134),
(577, 75, 2, 135),
(578, 271, 0, NULL),
(579, 271, 1, 135),
(580, 272, 0, NULL),
(581, 272, 1, 135),
(582, 273, 0, NULL),
(583, 273, 1, 135),
(584, 274, 0, NULL),
(585, 274, 1, 135),
(586, 275, 0, NULL),
(587, 275, 1, 135),
(588, 75, 2, 136),
(589, 276, 0, NULL),
(590, 276, 1, 136),
(591, 277, 0, NULL),
(592, 277, 1, 136),
(593, 278, 0, NULL),
(594, 278, 1, 136),
(595, 279, 0, NULL),
(596, 279, 1, 136),
(597, 280, 0, NULL),
(598, 280, 1, 136),
(599, 75, 2, 137),
(600, 281, 0, NULL),
(601, 281, 1, 137),
(602, 282, 0, NULL),
(603, 282, 1, 137),
(604, 283, 0, NULL),
(605, 283, 1, 137),
(606, 284, 0, NULL),
(607, 284, 1, 137),
(608, 285, 0, NULL),
(609, 285, 1, 137),
(610, 75, 2, 138),
(611, 286, 0, NULL),
(612, 286, 1, 138),
(613, 287, 0, NULL),
(614, 287, 1, 138),
(615, 288, 0, NULL),
(616, 288, 1, 138),
(617, 289, 0, NULL),
(618, 289, 1, 138),
(619, 290, 0, NULL),
(620, 290, 1, 138),
(621, 75, 2, 139),
(622, 291, 0, NULL),
(623, 291, 1, 139),
(624, 292, 0, NULL),
(625, 292, 1, 139),
(626, 293, 0, NULL),
(627, 293, 1, 139),
(628, 294, 0, NULL),
(629, 294, 1, 139),
(630, 295, 0, NULL),
(631, 295, 1, 139),
(632, 75, 2, 140),
(633, 296, 0, NULL),
(634, 296, 1, 140),
(635, 297, 0, NULL),
(636, 297, 1, 140),
(637, 298, 0, NULL),
(638, 298, 1, 140),
(639, 299, 0, NULL),
(640, 299, 1, 140),
(641, 300, 0, NULL),
(642, 300, 1, 140),
(643, 75, 2, 141),
(644, 301, 0, NULL),
(645, 301, 1, 141),
(646, 302, 0, NULL),
(647, 302, 1, 141),
(648, 303, 0, NULL),
(649, 303, 1, 141),
(650, 304, 0, NULL),
(651, 304, 1, 141),
(652, 305, 0, NULL),
(653, 305, 1, 141),
(654, 75, 2, 142),
(655, 306, 0, NULL),
(656, 306, 1, 142),
(657, 307, 0, NULL),
(658, 307, 1, 142),
(659, 308, 0, NULL),
(660, 308, 1, 142),
(661, 309, 0, NULL),
(662, 309, 1, 142),
(663, 310, 0, NULL),
(664, 310, 1, 142),
(665, 75, 2, 143),
(666, 311, 0, NULL),
(667, 311, 1, 143),
(668, 312, 0, NULL),
(669, 312, 1, 143),
(670, 313, 0, NULL),
(671, 313, 1, 143),
(672, 314, 0, NULL),
(673, 314, 1, 143),
(674, 315, 0, NULL),
(675, 315, 1, 143),
(676, 75, 2, 144),
(677, 316, 0, NULL),
(678, 316, 1, 144),
(679, 317, 0, NULL),
(680, 317, 1, 144),
(681, 318, 0, NULL),
(682, 318, 1, 144),
(683, 319, 0, NULL),
(684, 319, 1, 144),
(685, 320, 0, NULL),
(686, 320, 1, 144),
(687, 75, 2, 145),
(688, 321, 0, NULL),
(689, 321, 1, 145),
(690, 322, 0, NULL),
(691, 322, 1, 145),
(692, 323, 0, NULL),
(693, 323, 1, 145),
(694, 324, 0, NULL),
(695, 324, 1, 145),
(696, 325, 0, NULL),
(697, 325, 1, 145),
(698, 75, 2, 146),
(699, 326, 0, NULL),
(700, 326, 1, 146),
(701, 327, 0, NULL),
(702, 327, 1, 146),
(703, 328, 0, NULL),
(704, 328, 1, 146),
(705, 329, 0, NULL),
(706, 329, 1, 146),
(707, 330, 0, NULL),
(708, 330, 1, 146),
(709, 75, 2, 147),
(710, 331, 0, NULL),
(711, 331, 1, 147),
(712, 332, 0, NULL),
(713, 332, 1, 147),
(714, 333, 0, NULL),
(715, 333, 1, 147),
(716, 334, 0, NULL),
(717, 334, 1, 147),
(718, 335, 0, NULL),
(719, 335, 1, 147),
(720, 75, 2, 148),
(721, 336, 0, NULL),
(722, 336, 1, 148),
(723, 337, 0, NULL),
(724, 337, 1, 148),
(725, 338, 0, NULL),
(726, 338, 1, 148),
(727, 339, 0, NULL),
(728, 339, 1, 148),
(729, 340, 0, NULL),
(730, 340, 1, 148),
(731, 75, 2, 149),
(732, 341, 0, NULL),
(733, 341, 1, 149),
(734, 342, 0, NULL),
(735, 342, 1, 149),
(736, 343, 0, NULL),
(737, 343, 1, 149),
(738, 344, 0, NULL),
(739, 344, 1, 149),
(740, 345, 0, NULL),
(741, 345, 1, 149),
(742, 75, 2, 150),
(743, 346, 0, NULL),
(744, 346, 1, 150),
(745, 347, 0, NULL),
(746, 347, 1, 150),
(747, 348, 0, NULL),
(748, 348, 1, 150),
(749, 349, 0, NULL),
(750, 349, 1, 150),
(751, 350, 0, NULL),
(752, 350, 1, 150),
(753, 75, 2, 151),
(754, 351, 0, NULL),
(755, 351, 1, 151),
(756, 352, 0, NULL),
(757, 352, 1, 151),
(758, 353, 0, NULL),
(759, 353, 1, 151),
(760, 354, 0, NULL),
(761, 354, 1, 151),
(762, 355, 0, NULL),
(763, 355, 1, 151),
(764, 75, 2, 152),
(765, 356, 0, NULL),
(766, 356, 1, 152),
(767, 357, 0, NULL),
(768, 357, 1, 152),
(769, 358, 0, NULL),
(770, 358, 1, 152),
(771, 359, 0, NULL),
(772, 359, 1, 152),
(773, 360, 0, NULL),
(774, 360, 1, 152),
(775, 75, 2, 153),
(776, 361, 0, NULL),
(777, 361, 1, 153),
(778, 362, 0, NULL),
(779, 362, 1, 153),
(780, 363, 0, NULL),
(781, 363, 1, 153),
(782, 364, 0, NULL),
(783, 364, 1, 153),
(784, 365, 0, NULL),
(785, 365, 1, 153),
(786, 75, 2, 154),
(787, 366, 0, NULL),
(788, 366, 1, 154),
(789, 367, 0, NULL),
(790, 367, 1, 154),
(791, 368, 0, NULL),
(792, 368, 1, 154),
(793, 369, 0, NULL),
(794, 369, 1, 154),
(795, 370, 0, NULL),
(796, 370, 1, 154),
(797, 75, 2, 155),
(798, 371, 0, NULL),
(799, 371, 1, 155),
(800, 372, 0, NULL),
(801, 372, 1, 155),
(802, 373, 0, NULL),
(803, 373, 1, 155),
(804, 374, 0, NULL),
(805, 374, 1, 155),
(806, 375, 0, NULL),
(807, 375, 1, 155),
(808, 75, 2, 156),
(809, 376, 0, NULL),
(810, 376, 1, 156),
(811, 377, 0, NULL),
(812, 377, 1, 156),
(813, 378, 0, NULL),
(814, 378, 1, 156),
(815, 379, 0, NULL),
(816, 379, 1, 156),
(817, 380, 0, NULL),
(818, 380, 1, 156),
(819, 75, 2, 157),
(820, 381, 0, NULL),
(821, 381, 1, 157),
(822, 382, 0, NULL),
(823, 382, 1, 157),
(824, 383, 0, NULL),
(825, 383, 1, 157),
(826, 384, 0, NULL),
(827, 384, 1, 157),
(828, 385, 0, NULL),
(829, 385, 1, 157),
(830, 75, 2, 158),
(831, 386, 0, NULL),
(832, 386, 1, 158),
(833, 387, 0, NULL),
(834, 387, 1, 158),
(835, 388, 0, NULL),
(836, 388, 1, 158),
(837, 389, 0, NULL),
(838, 389, 1, 158),
(839, 390, 0, NULL),
(840, 390, 1, 158),
(841, 75, 2, 159),
(842, 391, 0, NULL),
(843, 391, 1, 159),
(844, 392, 0, NULL),
(845, 392, 1, 159),
(846, 393, 0, NULL),
(847, 393, 1, 159),
(848, 394, 0, NULL),
(849, 394, 1, 159),
(850, 395, 0, NULL),
(851, 395, 1, 159),
(852, 75, 2, 160),
(853, 396, 0, NULL),
(854, 396, 1, 160),
(855, 397, 0, NULL),
(856, 397, 1, 160),
(857, 398, 0, NULL),
(858, 398, 1, 160),
(859, 399, 0, NULL),
(860, 399, 1, 160),
(861, 400, 0, NULL),
(862, 400, 1, 160),
(863, 75, 2, 161),
(864, 401, 0, NULL),
(865, 401, 1, 161),
(866, 402, 0, NULL),
(867, 402, 1, 161),
(868, 403, 0, NULL),
(869, 403, 1, 161),
(870, 404, 0, NULL),
(871, 404, 1, 161),
(872, 405, 0, NULL),
(873, 405, 1, 161),
(874, 75, 2, 162),
(875, 406, 0, NULL),
(876, 406, 1, 162),
(877, 407, 0, NULL),
(878, 407, 1, 162),
(879, 408, 0, NULL),
(880, 408, 1, 162),
(881, 409, 0, NULL),
(882, 409, 1, 162),
(883, 410, 0, NULL),
(884, 410, 1, 162),
(885, 75, 2, 163),
(886, 411, 0, NULL),
(887, 411, 1, 163),
(888, 412, 0, NULL),
(889, 412, 1, 163),
(890, 413, 0, NULL),
(891, 413, 1, 163),
(892, 414, 0, NULL),
(893, 414, 1, 163),
(894, 415, 0, NULL),
(895, 415, 1, 163),
(896, 75, 2, 164),
(897, 416, 0, NULL),
(898, 416, 1, 164),
(899, 417, 0, NULL),
(900, 417, 1, 164),
(901, 418, 0, NULL),
(902, 418, 1, 164),
(903, 419, 0, NULL),
(904, 419, 1, 164),
(905, 420, 0, NULL),
(906, 420, 1, 164),
(907, 75, 2, 165),
(908, 421, 0, NULL),
(909, 421, 1, 165),
(910, 422, 0, NULL),
(911, 422, 1, 165),
(912, 423, 0, NULL),
(913, 423, 1, 165),
(914, 424, 0, NULL),
(915, 424, 1, 165),
(916, 425, 0, NULL),
(917, 425, 1, 165),
(918, 75, 2, 166),
(919, 426, 0, NULL),
(920, 426, 1, 166),
(921, 427, 0, NULL),
(922, 427, 1, 166),
(923, 428, 0, NULL),
(924, 428, 1, 166),
(925, 429, 0, NULL),
(926, 429, 1, 166),
(927, 430, 0, NULL),
(928, 430, 1, 166),
(929, 75, 2, 167),
(930, 431, 0, NULL),
(931, 431, 1, 167),
(932, 432, 0, NULL),
(933, 432, 1, 167),
(934, 433, 0, NULL),
(935, 433, 1, 167),
(936, 434, 0, NULL),
(937, 434, 1, 167),
(938, 435, 0, NULL),
(939, 435, 1, 167),
(940, 75, 2, 168),
(941, 436, 0, NULL),
(942, 436, 1, 168),
(943, 437, 0, NULL),
(944, 437, 1, 168),
(945, 438, 0, NULL),
(946, 438, 1, 168),
(947, 439, 0, NULL),
(948, 439, 1, 168),
(949, 440, 0, NULL),
(950, 440, 1, 168),
(951, 75, 2, 169),
(952, 441, 0, NULL),
(953, 441, 1, 169),
(954, 442, 0, NULL),
(955, 442, 1, 169),
(956, 443, 0, NULL),
(957, 443, 1, 169),
(958, 444, 0, NULL),
(959, 444, 1, 169),
(960, 445, 0, NULL),
(961, 445, 1, 169),
(962, 75, 2, 170),
(963, 446, 0, NULL),
(964, 446, 1, 170),
(965, 447, 0, NULL),
(966, 447, 1, 170),
(967, 448, 0, NULL),
(968, 448, 1, 170),
(969, 449, 0, NULL),
(970, 449, 1, 170),
(971, 450, 0, NULL),
(972, 450, 1, 170),
(973, 75, 2, 171),
(974, 451, 0, NULL),
(975, 451, 1, 171),
(976, 452, 0, NULL),
(977, 452, 1, 171),
(978, 453, 0, NULL),
(979, 453, 1, 171),
(980, 454, 0, NULL),
(981, 454, 1, 171),
(982, 455, 0, NULL),
(983, 455, 1, 171),
(984, 75, 2, 172),
(985, 456, 0, NULL),
(986, 456, 1, 172),
(987, 457, 0, NULL),
(988, 457, 1, 172),
(989, 458, 0, NULL),
(990, 458, 1, 172),
(991, 459, 0, NULL),
(992, 459, 1, 172),
(993, 460, 0, NULL),
(994, 460, 1, 172),
(995, 75, 2, 173),
(996, 461, 0, NULL),
(997, 461, 1, 173),
(998, 462, 0, NULL),
(999, 462, 1, 173),
(1000, 463, 0, NULL),
(1001, 463, 1, 173),
(1002, 464, 0, NULL),
(1003, 464, 1, 173),
(1004, 465, 0, NULL),
(1005, 465, 1, 173),
(1006, 75, 2, 174),
(1007, 466, 0, NULL),
(1008, 466, 1, 174),
(1009, 467, 0, NULL),
(1010, 467, 1, 174),
(1011, 468, 0, NULL),
(1012, 468, 1, 174),
(1013, 469, 0, NULL),
(1014, 469, 1, 174),
(1015, 470, 0, NULL),
(1016, 470, 1, 174),
(1017, 75, 2, 175),
(1018, 471, 0, NULL),
(1019, 471, 1, 175),
(1020, 472, 0, NULL),
(1021, 472, 1, 175),
(1022, 473, 0, NULL),
(1023, 473, 1, 175),
(1024, 474, 0, NULL),
(1025, 474, 1, 175),
(1026, 475, 0, NULL),
(1027, 475, 1, 175),
(1028, 75, 2, 176),
(1029, 476, 0, NULL),
(1030, 476, 1, 176),
(1031, 477, 0, NULL),
(1032, 477, 1, 176),
(1033, 478, 0, NULL),
(1034, 478, 1, 176),
(1035, 479, 0, NULL),
(1036, 479, 1, 176),
(1037, 480, 0, NULL),
(1038, 480, 1, 176),
(1039, 75, 2, 177),
(1040, 481, 0, NULL),
(1041, 481, 1, 177),
(1042, 482, 0, NULL),
(1043, 482, 1, 177),
(1044, 483, 0, NULL),
(1045, 483, 1, 177),
(1046, 484, 0, NULL),
(1047, 484, 1, 177),
(1048, 485, 0, NULL),
(1049, 485, 1, 177),
(1050, 75, 2, 178),
(1051, 486, 0, NULL),
(1052, 486, 1, 178),
(1053, 487, 0, NULL),
(1054, 487, 1, 178),
(1055, 488, 0, NULL),
(1056, 488, 1, 178),
(1057, 489, 0, NULL),
(1058, 489, 1, 178),
(1059, 490, 0, NULL),
(1060, 490, 1, 178),
(1061, 75, 2, 179),
(1062, 491, 0, NULL),
(1063, 491, 1, 179),
(1064, 492, 0, NULL),
(1065, 492, 1, 179),
(1066, 493, 0, NULL),
(1067, 493, 1, 179),
(1068, 494, 0, NULL),
(1069, 494, 1, 179),
(1070, 495, 0, NULL),
(1071, 495, 1, 179),
(1072, 75, 2, 180),
(1073, 496, 0, NULL),
(1074, 496, 1, 180),
(1075, 497, 0, NULL),
(1076, 497, 1, 180),
(1077, 498, 0, NULL),
(1078, 498, 1, 180),
(1079, 499, 0, NULL),
(1080, 499, 1, 180),
(1081, 500, 0, NULL),
(1082, 500, 1, 180),
(1083, 75, 2, 181),
(1084, 501, 0, NULL),
(1085, 501, 1, 181),
(1086, 502, 0, NULL),
(1087, 502, 1, 181),
(1088, 503, 0, NULL),
(1089, 503, 1, 181),
(1090, 504, 0, NULL),
(1091, 504, 1, 181),
(1092, 505, 0, NULL),
(1093, 505, 1, 181),
(1094, 75, 2, 182),
(1095, 506, 0, NULL),
(1096, 506, 1, 182),
(1097, 507, 0, NULL),
(1098, 507, 1, 182),
(1099, 508, 0, NULL),
(1100, 508, 1, 182),
(1101, 509, 0, NULL),
(1102, 509, 1, 182),
(1103, 510, 0, NULL),
(1104, 510, 1, 182),
(1105, 75, 2, 183),
(1106, 511, 0, NULL),
(1107, 511, 1, 183),
(1108, 512, 0, NULL),
(1109, 512, 1, 183),
(1110, 513, 0, NULL),
(1111, 513, 1, 183),
(1112, 514, 0, NULL),
(1113, 514, 1, 183),
(1114, 515, 0, NULL),
(1115, 515, 1, 183),
(1116, 75, 2, 184),
(1117, 516, 0, NULL),
(1118, 516, 1, 184),
(1119, 517, 0, NULL),
(1120, 517, 1, 184),
(1121, 518, 0, NULL),
(1122, 518, 1, 184),
(1123, 519, 0, NULL),
(1124, 519, 1, 184),
(1125, 520, 0, NULL),
(1126, 520, 1, 184),
(1127, 75, 2, 185),
(1128, 521, 0, NULL),
(1129, 521, 1, 185),
(1130, 522, 0, NULL),
(1131, 522, 1, 185),
(1132, 523, 0, NULL),
(1133, 523, 1, 185),
(1134, 524, 0, NULL),
(1135, 524, 1, 185),
(1136, 525, 0, NULL),
(1137, 525, 1, 185),
(1138, 75, 2, 186),
(1139, 526, 0, NULL),
(1140, 526, 1, 186),
(1141, 527, 0, NULL),
(1142, 527, 1, 186),
(1143, 528, 0, NULL),
(1144, 528, 1, 186),
(1145, 529, 0, NULL),
(1146, 529, 1, 186),
(1147, 530, 0, NULL),
(1148, 530, 1, 186),
(1149, 75, 2, 187),
(1150, 531, 0, NULL),
(1151, 531, 1, 187),
(1152, 532, 0, NULL),
(1153, 532, 1, 187),
(1154, 533, 0, NULL),
(1155, 533, 1, 187),
(1156, 534, 0, NULL),
(1157, 534, 1, 187),
(1158, 535, 0, NULL),
(1159, 535, 1, 187),
(1160, 75, 2, 188),
(1161, 536, 0, NULL),
(1162, 536, 1, 188),
(1163, 537, 0, NULL),
(1164, 537, 1, 188),
(1165, 538, 0, NULL),
(1166, 538, 1, 188),
(1167, 539, 0, NULL),
(1168, 539, 1, 188),
(1169, 540, 0, NULL),
(1170, 540, 1, 188),
(1171, 75, 2, 189),
(1172, 541, 0, NULL),
(1173, 541, 1, 189),
(1174, 75, 2, 190),
(1175, 542, 0, NULL),
(1176, 542, 1, 190),
(1177, 75, 2, 191),
(1178, 543, 0, NULL),
(1179, 543, 1, 191),
(1180, 75, 2, 192),
(1181, 544, 0, NULL),
(1182, 544, 1, 192),
(1183, 75, 2, 193),
(1184, 545, 0, NULL),
(1185, 545, 1, 193),
(1186, 75, 2, 194),
(1187, 546, 0, NULL),
(1188, 546, 1, 194),
(1189, 75, 2, 195),
(1190, 547, 0, NULL),
(1191, 547, 1, 195),
(1192, 75, 2, 196),
(1193, 548, 0, NULL),
(1194, 548, 1, 196),
(1195, 75, 2, 197),
(1196, 549, 0, NULL),
(1197, 549, 1, 197),
(1198, 75, 2, 198),
(1199, 550, 0, NULL),
(1200, 550, 1, 198),
(1201, 75, 2, 199),
(1202, 551, 0, NULL),
(1203, 551, 1, 199),
(1204, 75, 2, 200),
(1205, 552, 0, NULL),
(1206, 552, 1, 200),
(1207, 75, 2, 201),
(1208, 553, 0, NULL),
(1209, 553, 1, 201),
(1210, 75, 2, 202),
(1211, 554, 0, NULL),
(1212, 554, 1, 202),
(1213, 75, 2, 203),
(1214, 555, 0, NULL),
(1215, 555, 1, 203),
(1216, 75, 2, 204),
(1217, 556, 0, NULL),
(1218, 556, 1, 204),
(1219, 75, 2, 205),
(1220, 557, 0, NULL),
(1221, 557, 1, 205),
(1222, 75, 2, 206),
(1223, 558, 0, NULL),
(1224, 558, 1, 206),
(1225, 75, 2, 207),
(1226, 559, 0, NULL),
(1227, 559, 1, 207),
(1228, 75, 2, 208),
(1229, 560, 0, NULL),
(1230, 560, 1, 208),
(1231, 75, 2, 209),
(1232, 561, 0, NULL),
(1233, 561, 1, 209),
(1234, 75, 2, 210),
(1235, 562, 0, NULL),
(1236, 562, 1, 210),
(1237, 75, 2, 211),
(1238, 563, 0, NULL),
(1239, 563, 1, 211),
(1240, 75, 2, 212),
(1241, 564, 0, NULL),
(1242, 564, 1, 212),
(1243, 75, 2, 213),
(1244, 565, 0, NULL),
(1245, 565, 1, 213),
(1246, 75, 2, 214),
(1247, 566, 0, NULL),
(1248, 566, 1, 214),
(1249, 75, 2, 215),
(1250, 567, 0, NULL),
(1251, 567, 1, 215),
(1252, 75, 2, 216),
(1253, 568, 0, NULL),
(1254, 568, 1, 216),
(1255, 75, 2, 217),
(1256, 569, 0, NULL),
(1257, 569, 1, 217),
(1258, 75, 2, 218),
(1259, 570, 0, NULL),
(1260, 570, 1, 218),
(1261, 75, 2, 219),
(1262, 571, 0, NULL),
(1263, 571, 1, 219),
(1264, 75, 2, 220),
(1265, 572, 0, NULL),
(1266, 572, 1, 220),
(1267, 75, 2, 221),
(1268, 573, 0, NULL),
(1269, 573, 1, 221),
(1270, 75, 2, 222),
(1271, 574, 0, NULL),
(1272, 574, 1, 222),
(1273, 75, 2, 223),
(1274, 575, 0, NULL),
(1275, 575, 1, 223),
(1276, 75, 2, 224),
(1277, 576, 0, NULL),
(1278, 576, 1, 224),
(1279, 75, 2, 225),
(1280, 577, 0, NULL),
(1281, 577, 1, 225),
(1282, 75, 2, 226),
(1283, 578, 0, NULL),
(1284, 578, 1, 226),
(1285, 75, 2, 227),
(1286, 579, 0, NULL),
(1287, 579, 1, 227),
(1288, 75, 2, 228),
(1289, 580, 0, NULL),
(1290, 580, 1, 228),
(1291, 75, 2, 229),
(1292, 581, 0, NULL),
(1293, 581, 1, 229),
(1294, 75, 2, 230),
(1295, 582, 0, NULL),
(1296, 582, 1, 230),
(1297, 75, 2, 231),
(1298, 583, 0, NULL),
(1299, 583, 1, 231),
(1300, 75, 2, 232),
(1301, 584, 0, NULL),
(1302, 584, 1, 232),
(1303, 75, 2, 233),
(1304, 585, 0, NULL),
(1305, 585, 1, 233),
(1306, 75, 2, 234),
(1307, 586, 0, NULL),
(1308, 586, 1, 234),
(1309, 75, 2, 235),
(1310, 587, 0, NULL),
(1311, 587, 1, 235),
(1312, 75, 2, 236),
(1313, 588, 0, NULL),
(1314, 588, 1, 236),
(1315, 75, 2, 237),
(1316, 589, 0, NULL),
(1317, 589, 1, 237),
(1318, 75, 2, 238),
(1319, 590, 0, NULL),
(1320, 590, 1, 238),
(1321, 75, 2, 239),
(1322, 591, 0, NULL),
(1323, 591, 1, 239),
(1324, 75, 2, 240),
(1325, 592, 0, NULL),
(1326, 592, 1, 240),
(1327, 75, 2, 241),
(1328, 593, 0, NULL),
(1329, 593, 1, 241),
(1330, 75, 2, 242),
(1331, 594, 0, NULL),
(1332, 594, 1, 242),
(1333, 75, 2, 243),
(1334, 595, 0, NULL),
(1335, 595, 1, 243),
(1336, 75, 2, 244),
(1337, 596, 0, NULL),
(1338, 596, 1, 244),
(1339, 75, 2, 245),
(1340, 597, 0, NULL),
(1341, 597, 1, 245),
(1342, 75, 2, 246),
(1343, 598, 0, NULL),
(1344, 598, 1, 246),
(1345, 75, 2, 247),
(1346, 599, 0, NULL),
(1347, 599, 1, 247),
(1348, 75, 2, 248),
(1349, 600, 0, NULL),
(1350, 600, 1, 248),
(1351, 601, 0, NULL),
(1352, 602, 0, NULL),
(1353, 603, 0, NULL),
(1354, 604, 0, NULL),
(1355, 606, 0, NULL),
(1356, 73, 2, 249),
(1357, 607, 0, NULL),
(1358, 73, 2, 249),
(1359, 607, 2, 251),
(1360, 607, 1, 251),
(1361, 73, 2, 252),
(1362, 607, 1, 252);

-- --------------------------------------------------------

--
-- Structure de la table `session`
--

DROP TABLE IF EXISTS `session`;
CREATE TABLE IF NOT EXISTS `session` (
  `session_id` varbinary(64) NOT NULL,
  `fk_user_id` int(11) DEFAULT NULL,
  `fk_team_id` int(11) DEFAULT NULL,
  `email` varchar(300) DEFAULT NULL,
  `expiration` date NOT NULL,
  PRIMARY KEY (`session_id`),
  KEY `fk_user_id` (`fk_user_id`),
  KEY `fk_team_id` (`fk_team_id`)
) ENGINE=InnoDB DEFAULT CHARSET=utf8;

--
-- Déchargement des données de la table `session`
--

INSERT INTO `session` (`session_id`, `fk_user_id`, `fk_team_id`, `email`, `expiration`) VALUES
(0x386539343365383363653939633930616232306563656435643032363530323364323335306164656633316331633561303666316235626539363038, 6, NULL, NULL, '2021-04-16'),
(0x393163653366653063343432343733623239663739663166336538346331356134626136373933343264386235323666343661396231303032323737, NULL, 85, 'marshalldu13200@gmail.com', '2022-04-21'),
(0x396664613236646435316266646137376165316334323363656661636438623534653436313532393939346136356337656231343035643665393536, 73, NULL, NULL, '2022-05-14'),
(0x633338653165316639326332343161333131613138373830646439396633366431303062396631333434613764653063633761393763363965323639, NULL, 249, 'projetturingenigma@gmail.com', '2022-05-14'),
(0x633662643766386534343435353564356236396135353633353730306431636631336365663239646263616539623362653261613335636330336534, NULL, 249, 'projetturingenigma@gmail.com', '2022-05-14'),
(0x653037643333336461313436306165666239653831343339383038366333326664326165633963313134633134316366353530623830616136343763, 6, NULL, NULL, '2021-04-16');

-- --------------------------------------------------------

--
-- Structure de la table `team`
--

DROP TABLE IF EXISTS `team`;
CREATE TABLE IF NOT EXISTS `team` (
  `id` int(11) NOT NULL AUTO_INCREMENT,
  `fk_tournament_id` int(11) NOT NULL,
  `name` varchar(350) NOT NULL,
  `level` int(11) NOT NULL,
  `phone` int(11) NOT NULL,
  `address` varchar(350) NOT NULL,
  `logo` varchar(1000) DEFAULT NULL,
  `pending` tinyint(1) NOT NULL,
  PRIMARY KEY (`id`),
  KEY `fk_tournament_id` (`fk_tournament_id`)
) ENGINE=InnoDB AUTO_INCREMENT=253 DEFAULT CHARSET=utf8;

--
-- Déchargement des données de la table `team`
--

INSERT INTO `team` (`id`, `fk_tournament_id`, `name`, `level`, `phone`, `address`, `logo`, `pending`) VALUES
(1, 1, 'Projet Turing', 10, 625895236, '121 Avenue du Parc, 34400 Lunel-Viel', '/images/logosEquipes/1.jpg', 0),
(2, 1, 'SpaceY', 6, 625148935, '13 chemin de l\'Horloge, 84000 Avignon', '/images/logosEquipes/2.jpg', 0),
(3, 1, 'TCBProduction', 7, 423568512, '92 Rue Pasteur, 69007 Lyon', '/images/logosEquipes/default.jpg', 0),
(4, 1, 'Abradin', 4, 686523478, 'Maison de l\'Université, Espl. Erasme, 21078 Dijon', '/images/logosEquipes/default.jpg', 0),
(5, 1, 'Konyx', 5, 623586215, '12 Jardin du Pharo, 58 Boulevard Charles Livon, 13007 Marseille', '/images/logosEquipes/default.jpg', 0),
(6, 1, 'Eclesya', 7, 623145623, '621 Avenue Centrale, 38400 Saint-Martin-d\'Hères', '/images/logosEquipes/default.jpg', 0),
(7, 1, 'StyxProd', 6, 625451235, 'Espace Technologique Bat. Discovery - RD 128, 2e ét, 91190 Saint-Aubin', '/images/logosEquipes/default.jpg', 0),
(8, 1, 'Sterlynx', 10, 656123578, '35 Place Recteur Henri le Moal, 35000 Rennes', '/images/logosEquipes/default.jpg', 0),
(83, 65, 'MonEquipe', 4, 445892354, '30, Faculté des Sciences de Montpellier, Place E. Bataillon, 34095 Montpellier', '/images/logosEquipes/2.jpg', 0),
(84, 65, 'ab', 4, 456238953, '34 chemin des ormilles, pont de crau', '/images/logosEquipes/3.jpg', 0),
(85, 65, 'aml', 4, 456238953, '34 chemin des ormilles, pont de crau', '/images/logosEquipes/4.jpg', 1),
(86, 67, 'AbsoluteSlide', 8, 0, 'BlaringStatement', '/images/logosEquipes/default.jpg', 0),
(87, 67, 'IllFinish', 1, 0, 'AwesomeVegetable', '/images/logosEquipes/default.jpg', 0),
(88, 67, 'BabyishPenalty', 9, 0, 'IdioticRope', '/images/logosEquipes/default.jpg', 0),
(89, 67, 'StarkNeat', 4, 0, 'ElatedBeing', '/images/logosEquipes/default.jpg', 0),
(90, 67, 'OccasionalIsland', 8, 0, 'SecretAffair', '/images/logosEquipes/default.jpg', 1),
(91, 68, 'JuniorNecessary', 7, 0, 'NotedLoan', '/images/logosEquipes/default.jpg', 0),
(92, 68, 'UnfitCareer', 0, 0, 'FumblingChocolate', '/images/logosEquipes/default.jpg', 0),
(93, 68, 'PoliticalFeedback', 3, 0, 'PointedGarden', '/images/logosEquipes/default.jpg', 0),
(94, 68, 'DiligentStudent', 7, 0, 'Clear-cutPackage', '/images/logosEquipes/default.jpg', 0),
(95, 68, 'NotedTeacher', 1, 0, 'EnchantingTea', '/images/logosEquipes/default.jpg', 0),
(96, 68, 'LimpLength', 4, 0, 'PurpleLesson', '/images/logosEquipes/default.jpg', 0),
(97, 68, 'MenacingNail', 10, 0, 'WonderfulHell', '/images/logosEquipes/default.jpg', 0),
(98, 68, 'BeautifulEffect', 0, 0, 'PlushGear', '/images/logosEquipes/default.jpg', 0),
(99, 68, 'CoolWave', 7, 0, 'TameIndividual', '/images/logosEquipes/default.jpg', 0),
(100, 68, 'VariableRice', 6, 0, 'IntelligentSale', '/images/logosEquipes/default.jpg', 0),
(101, 69, 'PettyCalm', 0, 0, 'SatisfiedHistorian', '/images/logosEquipes/default.jpg', 0),
(102, 69, 'MeekUse', 6, 0, 'RapidGive', '/images/logosEquipes/default.jpg', 0),
(103, 69, 'CriticalFishing', 6, 0, 'JudiciousOrganization', '/images/logosEquipes/default.jpg', 0),
(104, 69, 'VigorousIce', 3, 0, 'HumiliatingExtension', '/images/logosEquipes/default.jpg', 0),
(105, 69, 'EnergeticDescription', 7, 0, 'HonorableResort', '/images/logosEquipes/default.jpg', 0),
(106, 69, 'IntrepidCity', 9, 0, 'VariableDesk', '/images/logosEquipes/default.jpg', 0),
(107, 69, 'ShoddyDiscipline', 5, 0, 'GleefulBreath', '/images/logosEquipes/default.jpg', 0),
(108, 69, 'BeautifulPlastic', 1, 0, 'JaggedCollection', '/images/logosEquipes/default.jpg', 0),
(109, 69, 'PlaintiveMarket', 2, 0, 'UnknownDeposit', '/images/logosEquipes/default.jpg', 0),
(110, 69, 'DevotedDevelopment', 7, 0, 'RectangularPop', '/images/logosEquipes/default.jpg', 0),
(111, 69, 'AjarAsk', 8, 0, 'ImmediateMachine', '/images/logosEquipes/default.jpg', 0),
(112, 69, 'MysteriousStory', 10, 0, 'WeeCamp', '/images/logosEquipes/default.jpg', 0),
(113, 69, 'DownrightContest', 6, 0, 'EssentialExcuse', '/images/logosEquipes/default.jpg', 0),
(114, 69, 'TurbulentWest', 2, 0, 'IckyDecision', '/images/logosEquipes/default.jpg', 0),
(115, 69, 'EmotionalLine', 8, 0, 'TraumaticHistorian', '/images/logosEquipes/default.jpg', 0),
(116, 69, 'DutifulStop', 3, 0, 'CircularBonus', '/images/logosEquipes/default.jpg', 0),
(117, 69, 'ThreadbareProposal', 6, 0, 'SillyHighway', '/images/logosEquipes/default.jpg', 0),
(118, 69, 'LiquidRefrigerator', 7, 0, 'FinishedConnection', '/images/logosEquipes/default.jpg', 0),
(119, 69, 'CruelStress', 5, 0, 'WrathfulPlastic', '/images/logosEquipes/default.jpg', 0),
(120, 69, 'WrongReach', 1, 0, 'ForsakenSpend', '/images/logosEquipes/default.jpg', 0),
(121, 69, 'NearMeat', 7, 0, 'IntrepidChallenge', '/images/logosEquipes/default.jpg', 0),
(122, 69, 'DismalResolve', 2, 0, 'FearfulMotor', '/images/logosEquipes/default.jpg', 0),
(123, 69, 'TenderWalk', 7, 0, 'ScentedQuarter', '/images/logosEquipes/default.jpg', 0),
(124, 69, 'IndelibleSpare', 7, 0, 'RoughAssistance', '/images/logosEquipes/default.jpg', 0),
(125, 69, 'CheapSympathy', 7, 0, 'PaltryPhase', '/images/logosEquipes/default.jpg', 0),
(126, 69, 'ScarcePattern', 8, 0, 'Easy-goingChampion', '/images/logosEquipes/default.jpg', 0),
(127, 69, 'IdenticalCloset', 3, 0, 'InbornHold', '/images/logosEquipes/default.jpg', 0),
(128, 69, 'PowerfulSchedule', 9, 0, 'WindingDesign', '/images/logosEquipes/default.jpg', 1),
(129, 70, 'TheseLead', 1, 0, 'PositiveMedia', '/images/logosEquipes/default.jpg', 0),
(130, 70, 'MessyCompany', 7, 0, 'EmotionalMixture', '/images/logosEquipes/default.jpg', 0),
(131, 70, 'ObedientLevel', 2, 0, 'DelectableDrag', '/images/logosEquipes/default.jpg', 0),
(132, 70, 'ActiveRice', 6, 0, 'YearlyNet', '/images/logosEquipes/default.jpg', 0),
(133, 70, 'ObedientRoad', 5, 0, 'IdealAngle', '/images/logosEquipes/default.jpg', 0),
(134, 70, 'PureTomorrow', 9, 0, 'Bite-sizedSun', '/images/logosEquipes/default.jpg', 0),
(135, 70, 'GreenParticular', 8, 0, 'ExcitableCash', '/images/logosEquipes/default.jpg', 0),
(136, 70, 'PaltryEquivalent', 1, 0, 'AmusingCommon', '/images/logosEquipes/default.jpg', 0),
(137, 70, 'CurlySense', 0, 0, 'TautAssociation', '/images/logosEquipes/default.jpg', 0),
(138, 70, 'LiquidLand', 9, 0, 'LargeMaterial', '/images/logosEquipes/default.jpg', 0),
(139, 70, 'CompetentPen', 3, 0, 'FittingEntry', '/images/logosEquipes/default.jpg', 0),
(140, 70, 'ImaginativeScene', 0, 0, 'NoisyPermit', '/images/logosEquipes/default.jpg', 0),
(141, 70, 'AnnualBudget', 0, 0, 'FrugalDescription', '/images/logosEquipes/default.jpg', 0),
(142, 70, 'FlusteredWork', 1, 0, 'GenerousFigure', '/images/logosEquipes/default.jpg', 0),
(143, 70, 'DependableComfort', 5, 0, 'OddPositive', '/images/logosEquipes/default.jpg', 0),
(144, 70, 'ExtraneousActivity', 10, 0, 'ThirdCut', '/images/logosEquipes/default.jpg', 0),
(145, 70, 'ProudFriendship', 2, 0, 'StaidAudience', '/images/logosEquipes/default.jpg', 0),
(146, 70, 'ScaredClothes', 6, 0, 'FixedSurround', '/images/logosEquipes/default.jpg', 0),
(147, 70, 'TrueLandscape', 6, 0, 'SnarlingBear', '/images/logosEquipes/default.jpg', 0),
(148, 70, 'JauntyHire', 7, 0, 'MeekRemove', '/images/logosEquipes/default.jpg', 0),
(149, 70, 'SizzlingHead', 2, 0, 'CrazyBrush', '/images/logosEquipes/default.jpg', 0),
(150, 70, 'DoubleToe', 1, 0, 'Far-flungAwareness', '/images/logosEquipes/default.jpg', 0),
(151, 70, 'JointSpend', 6, 0, 'DazzlingMale', '/images/logosEquipes/default.jpg', 0),
(152, 70, 'FamiliarSad', 1, 0, 'DarkPassage', '/images/logosEquipes/default.jpg', 0),
(153, 70, 'SlipperyCounty', 0, 0, 'KindlyRecording', '/images/logosEquipes/default.jpg', 0),
(154, 70, 'BurlyFeeling', 9, 0, 'KookyHalf', '/images/logosEquipes/default.jpg', 0),
(155, 70, 'SickAward', 1, 0, 'OldRent', '/images/logosEquipes/default.jpg', 0),
(156, 70, 'AgreeableChart', 6, 0, 'EnlightenedGeneral', '/images/logosEquipes/default.jpg', 0),
(157, 70, 'HumbleEscape', 4, 0, 'ImmenseMess', '/images/logosEquipes/default.jpg', 0),
(158, 70, 'DrearyStill', 5, 0, 'PlaintiveMake', '/images/logosEquipes/default.jpg', 0),
(159, 70, 'BlandSex', 3, 0, 'EducatedMusic', '/images/logosEquipes/default.jpg', 0),
(160, 70, 'EarlyGear', 2, 0, 'BlaringContract', '/images/logosEquipes/default.jpg', 0),
(161, 70, 'RecklessArt', 6, 0, 'VainWeek', '/images/logosEquipes/default.jpg', 0),
(162, 70, 'FrankClass', 9, 0, 'Far-offGrab', '/images/logosEquipes/default.jpg', 0),
(163, 70, 'MurkyPrice', 7, 0, 'SneakySouth', '/images/logosEquipes/default.jpg', 0),
(164, 70, 'GoldenExtent', 9, 0, 'PointedReplacement', '/images/logosEquipes/default.jpg', 0),
(165, 70, 'EllipticalStick', 9, 0, 'MediumTongue', '/images/logosEquipes/default.jpg', 0),
(166, 70, 'Happy-go-luckyFrame', 3, 0, 'AwareWave', '/images/logosEquipes/default.jpg', 0),
(167, 70, 'FearfulProof', 9, 0, 'IntrepidWonder', '/images/logosEquipes/default.jpg', 0),
(168, 70, 'MiniatureSpecial', 2, 0, 'QualifiedGeneral', '/images/logosEquipes/default.jpg', 0),
(169, 70, 'AdventurousSympathy', 6, 0, 'TiredShirt', '/images/logosEquipes/default.jpg', 0),
(170, 70, 'RightAppeal', 7, 0, 'SleepyPolice', '/images/logosEquipes/default.jpg', 0),
(171, 70, 'AllChocolate', 0, 0, 'TremendousNet', '/images/logosEquipes/default.jpg', 0),
(172, 70, 'LimpAtmosphere', 3, 0, 'GummyGuide', '/images/logosEquipes/default.jpg', 0),
(173, 70, 'HungryTone', 10, 0, 'WideRequest', '/images/logosEquipes/default.jpg', 0),
(174, 70, 'OrdinaryBuy', 9, 0, 'ThreadbareEarth', '/images/logosEquipes/default.jpg', 0),
(175, 70, 'StaidDinner', 8, 0, 'PowerlessStay', '/images/logosEquipes/default.jpg', 0),
(176, 70, 'TimelyEssay', 0, 0, 'GeneralHell', '/images/logosEquipes/default.jpg', 0),
(177, 70, 'VivaciousMom', 1, 0, 'CharmingSilly', '/images/logosEquipes/default.jpg', 0),
(178, 70, 'InformalShip', 6, 0, 'ValuableCurve', '/images/logosEquipes/default.jpg', 0),
(179, 70, 'ThankfulMixture', 7, 0, 'DeliciousCollar', '/images/logosEquipes/default.jpg', 0),
(180, 70, 'MildPrice', 3, 0, 'PolishedIntention', '/images/logosEquipes/default.jpg', 0),
(181, 70, 'TeemingInsurance', 7, 0, 'ClumsyContract', '/images/logosEquipes/default.jpg', 0),
(182, 70, 'RapidAudience', 10, 0, 'SilentAngle', '/images/logosEquipes/default.jpg', 0),
(183, 70, 'Well-wornMonitor', 1, 0, 'FrivolousMaximum', '/images/logosEquipes/default.jpg', 0),
(184, 70, 'SameWar', 9, 0, 'UnevenTune', '/images/logosEquipes/default.jpg', 0),
(185, 70, 'InsistentAdvertising', 9, 0, 'GrownRow', '/images/logosEquipes/default.jpg', 0),
(186, 70, 'ImpressiveIntroduction', 10, 0, 'EarlyCopy', '/images/logosEquipes/default.jpg', 0),
(187, 70, 'GlaringMark', 4, 0, 'AntiqueLecture', '/images/logosEquipes/default.jpg', 0),
(188, 70, 'InterestingDealer', 8, 0, 'HappyCan', '/images/logosEquipes/default.jpg', 0),
(189, 71, 'ElaboratePlane', 4, 0, 'VictoriousPicture', '/images/logosEquipes/default.jpg', 0),
(190, 71, 'PleasantAssignment', 8, 0, 'ShamelessHighway', '/images/logosEquipes/default.jpg', 0),
(191, 71, 'StableInside', 7, 0, 'BigInformation', '/images/logosEquipes/default.jpg', 0),
(192, 71, 'LinedRoof', 3, 0, 'SparklingMinute', '/images/logosEquipes/default.jpg', 0),
(193, 71, 'ImportantBlood', 8, 0, 'WhiteSecond', '/images/logosEquipes/default.jpg', 0),
(194, 71, 'OptimalMix', 10, 0, 'DramaticSteal', '/images/logosEquipes/default.jpg', 0),
(195, 71, 'NaturalRemove', 0, 0, 'ProductiveAnger', '/images/logosEquipes/default.jpg', 0),
(196, 71, 'TangibleHalf', 9, 0, 'EvergreenFeed', '/images/logosEquipes/default.jpg', 0),
(197, 71, 'NimbleDeparture', 0, 0, 'TwinFly', '/images/logosEquipes/default.jpg', 0),
(198, 71, 'PointedBoss', 0, 0, 'GrouchyLeave', '/images/logosEquipes/default.jpg', 0),
(199, 71, 'ThriftyTopic', 7, 0, 'ViciousFront', '/images/logosEquipes/default.jpg', 0),
(200, 71, 'ExtraneousSubject', 8, 0, 'StripedTaste', '/images/logosEquipes/default.jpg', 0),
(201, 71, 'LinearBother', 6, 0, 'ElectricBattle', '/images/logosEquipes/default.jpg', 0),
(202, 71, 'FuzzySubstance', 3, 0, 'ThriftyEye', '/images/logosEquipes/default.jpg', 0),
(203, 71, 'JudiciousPool', 1, 0, 'HungryContext', '/images/logosEquipes/default.jpg', 0),
(204, 71, 'BriskSign', 2, 0, 'AnnualCharge', '/images/logosEquipes/default.jpg', 0),
(205, 71, 'NearPoetry', 2, 0, 'MenacingMention', '/images/logosEquipes/default.jpg', 0),
(206, 71, 'AmusedAttitude', 2, 0, 'SamePurchase', '/images/logosEquipes/default.jpg', 0),
(207, 71, 'GlamorousList', 0, 0, 'Ill-informedBunch', '/images/logosEquipes/default.jpg', 0),
(208, 71, 'MurkyNewspaper', 1, 0, 'SmugSize', '/images/logosEquipes/default.jpg', 0),
(209, 71, 'SweetConcert', 10, 0, 'ThriftyShape', '/images/logosEquipes/default.jpg', 0),
(210, 71, 'OrderlyEngineer', 5, 0, 'HumongousCommission', '/images/logosEquipes/default.jpg', 0),
(211, 71, 'VeneratedAirport', 0, 0, 'TrickyLocal', '/images/logosEquipes/default.jpg', 0),
(212, 71, 'RoastedTennis', 1, 0, 'TimelyPress', '/images/logosEquipes/default.jpg', 0),
(213, 71, 'ResponsibleRecommendation', 6, 0, 'ReflectingLeader', '/images/logosEquipes/default.jpg', 0),
(214, 71, 'NewStick', 1, 0, 'CorruptDepression', '/images/logosEquipes/default.jpg', 0),
(215, 71, 'EsteemedLeague', 1, 0, 'VigorousPair', '/images/logosEquipes/default.jpg', 0),
(216, 71, 'FrayedFriend', 1, 0, 'GratefulClerk', '/images/logosEquipes/default.jpg', 0),
(217, 71, 'SorrowfulCommittee', 5, 0, 'SomberScale', '/images/logosEquipes/default.jpg', 0),
(218, 71, 'ConventionalAspect', 8, 0, 'TenderMeet', '/images/logosEquipes/default.jpg', 0),
(219, 71, 'MushyCraft', 9, 0, 'GrippingOwner', '/images/logosEquipes/default.jpg', 0),
(220, 71, 'Well-documentedMusic', 9, 0, 'NovelAnger', '/images/logosEquipes/default.jpg', 0),
(221, 71, 'IdleFemale', 6, 0, 'KeenStuff', '/images/logosEquipes/default.jpg', 0),
(222, 71, 'WanAnimal', 6, 0, 'RepulsiveSplit', '/images/logosEquipes/default.jpg', 0),
(223, 71, 'SaneBedroom', 3, 0, 'SomberReaction', '/images/logosEquipes/default.jpg', 0),
(224, 71, 'CalmTouch', 6, 0, 'PoorStorm', '/images/logosEquipes/default.jpg', 0),
(225, 71, 'SecondaryResident', 9, 0, 'WatchfulDamage', '/images/logosEquipes/default.jpg', 0),
(226, 71, 'BelovedPotential', 8, 0, 'ArtisticFold', '/images/logosEquipes/default.jpg', 0),
(227, 71, 'SparklingDelivery', 8, 0, 'SickFinding', '/images/logosEquipes/default.jpg', 0),
(228, 71, 'StylishShare', 0, 0, 'ShockedPolicy', '/images/logosEquipes/default.jpg', 0),
(229, 71, 'ConcreteItem', 7, 0, 'ProfitableGirlfriend', '/images/logosEquipes/default.jpg', 0),
(230, 71, 'TrickyConnection', 0, 0, 'AffectionateSong', '/images/logosEquipes/default.jpg', 0),
(231, 71, 'TrimMidnight', 3, 0, 'ThirstyGift', '/images/logosEquipes/default.jpg', 0),
(232, 71, 'SpottedHelp', 1, 0, 'ShimmeringSky', '/images/logosEquipes/default.jpg', 0),
(233, 71, 'CuddlyShot', 10, 0, 'HugeTruth', '/images/logosEquipes/default.jpg', 0),
(234, 71, 'ProfitableFat', 0, 0, 'FreshPoet', '/images/logosEquipes/default.jpg', 0),
(235, 71, 'ImpracticalCommunication', 1, 0, 'UnselfishTopic', '/images/logosEquipes/default.jpg', 0),
(236, 71, 'FarCigarette', 2, 0, 'DopeyActor', '/images/logosEquipes/default.jpg', 0),
(237, 71, 'MutedRaise', 7, 0, 'ImpressivePipe', '/images/logosEquipes/default.jpg', 0),
(238, 71, 'ContentRain', 6, 0, 'StrangeSuggestion', '/images/logosEquipes/default.jpg', 0),
(239, 71, 'Sure-footedHoney', 5, 0, 'SquigglyBag', '/images/logosEquipes/default.jpg', 0),
(240, 71, 'AstonishingPanic', 0, 0, 'JointComplaint', '/images/logosEquipes/default.jpg', 0),
(241, 71, 'DecentDevice', 10, 0, 'KaleidoscopicChild', '/images/logosEquipes/default.jpg', 0),
(242, 71, 'BuzzingLaugh', 9, 0, 'YouthfulImpression', '/images/logosEquipes/default.jpg', 0),
(243, 71, 'FamousDrunk', 8, 0, 'AdorableCriticism', '/images/logosEquipes/default.jpg', 0),
(244, 71, 'GoodGrandfather', 4, 0, 'HauntingUpstairs', '/images/logosEquipes/default.jpg', 0),
(245, 71, 'ImpracticalQuestion', 8, 0, 'IntelligentBrilliant', '/images/logosEquipes/default.jpg', 0),
(246, 71, 'DamagedTale', 2, 0, 'AlarmedThought', '/images/logosEquipes/default.jpg', 0),
(247, 71, 'FrillyBoring', 9, 0, 'CelebratedFun', '/images/logosEquipes/default.jpg', 0),
(248, 71, 'RemorsefulRelationship', 10, 0, 'PositivePriority', '/images/logosEquipes/default.jpg', 0),
(249, 75, 'MonEquipe', 10, 456892356, 'Faculté des sciences de Montpellier (campus Triolet), Place Eugène Bataillon, Hôpitaux-Facultés, Montpellier, Hérault, Occitanie, France métropolitaine, 34095, France', '/images/logosEquipes/default.jpg', 1),
(250, 75, 'monEquipe', 10, 456892356, 'Faculté des sciences de Montpellier (campus Triolet), Place Eugène Bataillon, Hôpitaux-Facultés, Montpellier, Hérault, Occitanie, France métropolitaine, 34095, France', '/images/logosEquipes/default.jpg', 1),
(251, 75, 'monEquipeDeTest', 10, 456892356, 'Faculté des sciences de Montpellier (campus Triolet), Place Eugène Bataillon, Hôpitaux-Facultés, Montpellier, Hérault, Occitanie, France métropolitaine, 34095, France', '/images/logosEquipes/default.jpg', 0),
(252, 75, 'monEquipeDeTest2', 10, 412568523, 'Faculté des sciences de Montpellier (campus Triolet), Place Eugène Bataillon, Hôpitaux-Facultés, Montpellier, Hérault, Occitanie, France métropolitaine, 34095, France', '/images/logosEquipes/default.jpg', 0);

-- --------------------------------------------------------

--
-- Structure de la table `tournament`
--

DROP TABLE IF EXISTS `tournament`;
CREATE TABLE IF NOT EXISTS `tournament` (
  `id` int(11) NOT NULL AUTO_INCREMENT,
  `type` int(11) NOT NULL,
  `name` varchar(50) NOT NULL,
  `description` varchar(1000) NOT NULL,
  `begin` datetime NOT NULL,
  `end` datetime NOT NULL,
  `location` varchar(350) DEFAULT NULL,
  `longitude` double DEFAULT NULL,
  `latitude` double DEFAULT NULL,
  `number_team_limit` int(11) NOT NULL,
  `limit_user_team` int(11) NOT NULL,
  `logo` varchar(1000) DEFAULT NULL,
  `fk_user_id_manager` int(11) NOT NULL,
  `jquery_bracket_informations` json NOT NULL,
  PRIMARY KEY (`id`),
  KEY `fk_user_id_manager` (`fk_user_id_manager`)
) ENGINE=InnoDB AUTO_INCREMENT=76 DEFAULT CHARSET=utf8;

--
-- Déchargement des données de la table `tournament`
--

INSERT INTO `tournament` (`id`, `type`, `name`, `description`, `begin`, `end`, `location`, `longitude`, `latitude`, `number_team_limit`, `limit_user_team`, `logo`, `fk_user_id_manager`, `jquery_bracket_informations`) VALUES
(1, 0, 'DEFCON MONTPELLIER', 'DEF CON est la convention hacker la plus connue à travers le monde. Elle est tenue chaque année à Las Vegas, Nevada aux États-Unis. Cette année, une édition inédite sera inaugurée au Parc des Expositions de Montpellier. ', '2021-06-18 00:00:00', '2021-06-22 00:00:00', '30, Faculté des Sciences de Montpellier, Place E. Bataillon, 34095 Montpellier', NULL, NULL, 8, 4, 'images/logosTournois/1.jpg', 12, '{\"teams\": [[\"Projet Turing\", \"TCBProduction\"], [\"SpaceY\", \"Abradin\"], [\"Konyx\", \"StyxProd\"], [\"Eclesya\", \"Sterlynx\"]], \"results\": [[[[7, 2], [6, 3], [4, 2], [1, 2]], [[4, 3], [2, 0]], [[null, null]]]]}'),
(11, 0, 'Mon Tournoi', 'C\'est un super tournoi', '2021-01-01 03:00:00', '2021-01-06 00:05:00', 'Parc des Expositions de Paris, Rue du Moulin, Vanves, Boulogne-Billancourt, Hauts-de-Seine, Île-de-France, France métropolitaine, 75015, France', 2.28898078027589, 48.82872115, 3, 7, 'images/logosTournois/11.jpg', 6, 'null'),
(17, 0, 'MonTournoi', 'Test d\'affichage de tournoi', '2021-01-01 00:00:00', '2021-05-09 00:00:00', 'Chemin des, Les Cascades, Beaumes-de-Venise, Carpentras, Vaucluse, Provence-Alpes-Côte d', 5.046974, 44.1241179, 3, 2, 'images/logosTournois/17.jpg', 6, 'null'),
(18, 0, 'MonTournoi', 'Test de tournoi', '2021-01-01 00:00:00', '2021-06-01 00:00:00', 'Faculté des Sciences, Rue du Docteur Paul Michelon, La Palle, Buffières, Saint-Étienne, Loire, Auvergne-Rhône-Alpes, France métropolitaine, 42100, France', 4.421843, 45.425493, 3, 3, 'images/logosTournois/18.jpg', 6, 'null'),
(62, 0, 'C\'est un tournoi de test', 'Voici un test de tournoi', '2021-01-01 00:00:00', '2021-01-01 00:06:00', 'DEMAT', NULL, NULL, 2, 4, 'images/logosTournois/62.jpg', 6, 'null'),
(63, 0, 'Mon tournoi 5', 'fgdf', '2021-01-01 00:00:00', '2021-01-01 00:06:00', 'DEMAT', NULL, NULL, 6, 5, 'images/logosTournois/63.jpg', 6, '{\"teams\": [[\"abcdef\", \"equipe1\"], [\"equipe2\", null]], \"scores\": []}'),
(64, 0, 'fsdgfsdsgf', 'abcdefg', '2021-01-01 00:00:00', '2021-01-01 00:06:00', 'DEMAT', NULL, NULL, 1, 2, 'images/logosTournois/64.jpg', 6, '{\"teams\": [], \"results\": []}'),
(65, 0, 'CeNom', 'nom d\'équipe', '2022-01-01 00:59:00', '2021-05-01 00:00:00', 'Aréna, La Petite Motte, La Grande-Motte, Montpellier, Hérault, Occitanie, France métropolitaine, 34280, France', 4.06799239029926, 43.55854, 6, 2, 'images/logosTournois/65.jpg', 73, '{\"teams\": [[\"MonEquipe\", \"ab\"]], \"scores\": []}'),
(66, 0, 'abcd', 'abcd', '2013-04-10 19:45:11', '2021-01-01 00:06:00', 'Alberta, Canada', -115.002136, 55.001251, 3, 3, 'images/logosTournois/66.jpg', 6, '{\"teams\": [], \"results\": []}'),
(67, 0, 'SmugDevelopment', 'CheerfulProfessor', '2022-04-01 19:45:11', '2022-07-01 19:45:11', '30, Faculté des Sciences de Montpellier, Place E. Bataillon, 34095 Montpellier', 3.8642708294142256, 43.63229565, 16, 2, 'images/logosTournois/dataset/data1.jpg', 6, '{\"teams\": [], \"results\": []}'),
(68, 0, 'PlayfulWait', 'BelovedGuard', '2022-04-01 19:45:11', '2022-07-01 19:45:11', '30, Faculté des Sciences de Montpellier, Place E. Bataillon, 34095 Montpellier', 3.8642708294142256, 43.63229565, 10, 2, 'images/logosTournois/dataset/data1.jpg', 6, '{\"teams\": [[\"JuniorNecessary\", \"DiligentStudent\"], [\"LimpLength\", \"NotedTeacher\"], [\"UnfitCareer\", null], [\"BeautifulEffect\", null], [\"PoliticalFeedback\", null], [\"VariableRice\", null], [\"CoolWave\", null], [\"MenacingNail\", null]], \"scores\": []}'),
(69, 0, 'TrustingReplacement', 'MediumBoot', '2022-04-01 19:45:11', '2022-07-01 19:45:11', '30, Faculté des Sciences de Montpellier, Place E. Bataillon, 34095 Montpellier', 3.8642708294142256, 43.63229565, 40, 5, 'images/logosTournois/dataset/data1.jpg', 6, '{\"teams\": [], \"results\": []}'),
(70, 0, 'OrnateImpact', 'GleefulGrandfather', '2022-04-01 19:45:11', '2022-07-01 19:45:11', '30, Faculté des Sciences de Montpellier, Place E. Bataillon, 34095 Montpellier', 3.8642708294142256, 43.63229565, 60, 5, 'images/logosTournois/dataset/data1.jpg', 6, '{\"teams\": [[\"ExtraneousActivity\", \"HungryTone\"], [\"PureTomorrow\", \"LiquidLand\"], [\"BurlyFeeling\", \"FrankClass\"], [\"GoldenExtent\", \"GreenParticular\"], [\"MessyCompany\", \"JauntyHire\"], [\"MurkyPrice\", \"ActiveRice\"], [\"ScaredClothes\", \"TrueLandscape\"], [\"JointSpend\", \"ObedientRoad\"], [\"DependableComfort\", \"HumbleEscape\"], [\"CompetentPen\", \"BlandSex\"], [\"ObedientLevel\", \"ProudFriendship\"], [\"SizzlingHead\", \"TheseLead\"], [\"PaltryEquivalent\", \"FlusteredWork\"], [\"DoubleToe\", \"CurlySense\"], [\"ImaginativeScene\", \"AnnualBudget\"], [\"SlipperyCounty\", \"AllChocolate\"], [\"TimelyEssay\", \"FamiliarSad\"], [\"SickAward\", \"VivaciousMom\"], [\"Well-wornMonitor\", \"EarlyGear\"], [\"MiniatureSpecial\", \"Happy-go-luckyFrame\"], [\"LimpAtmosphere\", \"MildPrice\"], [\"GlaringMark\", \"DrearyStill\"], [\"AgreeableChart\", \"RecklessArt\"], [\"AdventurousSympathy\", \"InformalShip\"], [\"RightAppeal\", \"ThankfulMixture\"], [\"TeemingInsurance\", \"StaidDinner\"], [\"InterestingDealer\", \"EllipticalStick\"], [\"FearfulProof\", \"OrdinaryBuy\"], [\"SameWar\", null], [\"InsistentAdvertising\", null], [\"RapidAudience\", null], [\"ImpressiveIntroduction\", null]], \"scores\": []}'),
(71, 0, 'AptHalf', 'NauticalRiver', '2022-04-01 19:45:11', '2022-07-01 19:45:11', '30, Faculté des Sciences de Montpellier, Place E. Bataillon, 34095 Montpellier', 3.8642708294142256, 43.63229565, 60, 1, 'images/logosTournois/dataset/data1.jpg', 6, '{\"teams\": [[\"OptimalMix\", \"SweetConcert\"], [\"TangibleHalf\", \"MushyCraft\"], [\"Well-documentedMusic\", \"PleasantAssignment\"], [\"ImportantBlood\", \"ExtraneousSubject\"], [\"ConventionalAspect\", \"StableInside\"], [\"ThriftyTopic\", \"LinearBother\"], [\"ResponsibleRecommendation\", \"IdleFemale\"], [\"OrderlyEngineer\", \"SorrowfulCommittee\"], [\"ElaboratePlane\", \"LinedRoof\"], [\"FuzzySubstance\", \"BriskSign\"], [\"NearPoetry\", \"JudiciousPool\"], [\"MurkyNewspaper\", \"RoastedTennis\"], [\"NewStick\", \"NaturalRemove\"], [\"NimbleDeparture\", \"PointedBoss\"], [\"GlamorousList\", \"VeneratedAirport\"], [\"StylishShare\", \"TrickyConnection\"], [\"ProfitableFat\", \"AstonishingPanic\"], [\"EsteemedLeague\", \"FrayedFriend\"], [\"SpottedHelp\", \"ImpracticalCommunication\"], [\"AmusedAttitude\", \"FarCigarette\"], [\"DamagedTale\", \"SaneBedroom\"], [\"TrimMidnight\", \"GoodGrandfather\"], [\"Sure-footedHoney\", \"WanAnimal\"], [\"CalmTouch\", \"ContentRain\"], [\"ConcreteItem\", \"MutedRaise\"], [\"BelovedPotential\", \"SparklingDelivery\"], [\"FamousDrunk\", \"ImpracticalQuestion\"], [\"SecondaryResident\", \"BuzzingLaugh\"], [\"FrillyBoring\", null], [\"CuddlyShot\", null], [\"DecentDevice\", null], [\"RemorsefulRelationship\", null]], \"scores\": []}'),
(72, 0, 'Mon tournoi', 'C\'est un tournoi de test', '2021-01-01 00:00:00', '2021-05-01 05:21:00', 'Faculté des sciences de Montpellier (campus Triolet), Place Eugène Bataillon, Hôpitaux-Facultés, Montpellier, Hérault, Occitanie, France métropolitaine, 34095, France', 3.860528, 43.631711, 4, 5, 'images/logosTournois/72.jpg', 6, '{\"teams\": [], \"results\": []}'),
(75, 0, 'TournoiDeTest2', 'C\'est une description de tournoi', '2021-06-01 00:00:00', '2021-09-01 00:00:00', 'Faculté des sciences de Montpellier (campus Triolet), Place Eugène Bataillon, Hôpitaux-Facultés, Montpellier, Hérault, Occitanie, France métropolitaine, 34095, France', 3.860528, 43.631711, 6, 2, 'images/logosTournois/75.jpg', 6, '{\"teams\": [[\"monEquipeDeTest\", \"monEquipeDeTest2\"]], \"scores\": []}');

-- --------------------------------------------------------

--
-- Structure de la table `user`
--

DROP TABLE IF EXISTS `user`;
CREATE TABLE IF NOT EXISTS `user` (
  `id` int(11) NOT NULL AUTO_INCREMENT,
  `mail` varchar(300) NOT NULL,
  `first_name` varchar(50) NOT NULL,
  `last_name` varchar(50) NOT NULL,
  `username` varchar(50) NOT NULL,
  `password` varbinary(64) NOT NULL,
  `avatar` varchar(300) DEFAULT NULL,
  PRIMARY KEY (`id`),
  UNIQUE KEY `mail` (`mail`)
) ENGINE=InnoDB AUTO_INCREMENT=608 DEFAULT CHARSET=utf8;

--
-- Déchargement des données de la table `user`
--

INSERT INTO `user` (`id`, `mail`, `first_name`, `last_name`, `username`, `password`, `avatar`) VALUES
(1, 'BurtonGamble@gmail.com', 'Burton', 'Gamble', 'BurtonG', 0x64396536333536613234653361663764356665643965366238313237646166383136323230656138343662396632643430386134623065653339633263626136, ''),
(2, 'CelesteLogan@loremipsum.net', 'Celeste', 'Logan', 'CelesteL', 0x38646236393031306230626331616430646332363332653630383737303435386432306162636164656265393035656237633864303938366237653532393262, ''),
(3, 'Chancellor.Le@starley.com', 'Chancellor', 'Le', 'ChancellorL', 0x39656162623161323832653231363935383938313266633033633532343665656633353637313036343464386366343736313864346136636165316132613664, ''),
(4, 'Clayton.Kane@ut.com', 'Clayton', 'Kane', 'ClaytonK', 0x63623037373864313934376165306138333334313765616330636132393064666431396366303662653435333735373738326231346433353434333838353662, ''),
(5, 'Clinton.Hatfield@Etiam.edu', 'Clinton', 'Hatfield', 'ClintonH', 0x35363734353735653363636663373363646165383838343162313437326464386166633836653436323933633139323239366133396232663038396465313561, ''),
(6, 'moumardcorentin@gmail.com', 'Corentin', 'Moumard', 'CorentinM', 0x243279243130247a4733554c584f356972734d4c6a6562394d364a6f75786e472e6a72422f367964304d4271615a6a78503362434f775147396a7879, '/images/avatarUtilisateurs/6.jpg'),
(7, 'Giselle.Rutledge@Nunc.org', 'Giselle', 'Rutledge', 'GiselleR', 0x66343336343064376331366261653531643337643564353064366433646335333462343333333437643837396436383365356133633761653336633430303963, ''),
(8, 'GriffinCote@gmail.com', 'Griffin', 'Cote', 'GriffinC', 0x63663533386637336233653161623261653832356265303930343236653665636636306132303532663966313935666139616461366565393633666438666230, ''),
(9, 'GuyStokes@Donecvitae.co.uk', 'Guy', 'Stokes', 'GuyS', 0x63623834396330303737323663643034323862313039613933613061353363613136356538323437366332343335373066346463666531653031393930643836, ''),
(10, 'Ignacia.Riggs@gmail.com', 'Ignacia', 'Riggs', 'IgnaciaR', 0x32333266323530633136663130663563633863323735363537653032653362303964633637613533356532313032393733383065393465373965663764363136, ''),
(11, 'Janna.Orr@eget.net', 'Janna', 'Orr', 'JannaO', 0x36613338313961336437313165633861633631393732623861383561346639346565643632643666346433626566316337666532343732663132653538353030, ''),
(12, 'jean.francois@gmail.com', 'Jean', 'François', 'JeanF', 0x35366164383034383832613138623633646365383732323231346635303065303565396439656233626532343534656366643665643736623661386365303838, ''),
(13, 'Jena.Leonard@vulputate.co.uk', 'Jena', 'Leonard', 'JenaL', 0x39323930383561306561666630313834353462336433643431383237626535623834623633623063616665663835333030363231333138653865333364643236, ''),
(14, 'Joan.Tanner@sitamet.com', 'Joan', 'Tanner', 'JoanT', 0x30633432343262613261393562386161303561363561636364353336323132366561616132643961383332346263346437666238313231396166623732613936, ''),
(15, 'Jolie.Yang@sitamet.ca', 'Jolie', 'Yang', 'JolieY', 0x66663530366464633438663962386538636562393861626132316236316232353865666562646531626234306666343038373730376433383566376536623133, ''),
(16, 'cassanjules@gmail.com', 'Jules', 'Cassan', 'JulesC', 0x36333031353935333433373331343230643462363464623962663137653634643830373935393666633264333363323731366362313635383364303831323164, ''),
(17, 'Karen.Howard@orange.edu', 'Karen', 'Howard', 'KarenH', 0x36353265663137613130353563363966303831343663623863306535353533623464626265623266626131353864353864333531643663386339383437323231, ''),
(18, 'KermitSingleton@ab.com', 'Kermit', 'Singleton', 'KermitS', 0x34663732336263383339656133663662383430633965383232393563363431313130666462623732326134613034316433623231313635333638363132626538, ''),
(19, 'Laurel.Burris@est.com', 'Laurel', 'Burris', 'LaurelB', 0x39356265343362613764623732656438323262643738343833353661616133663932646532376365373834346239356536643835313262633030626263303364, ''),
(20, 'Liberty.Soto@orange.edu', 'Liberty', 'Soto', 'LibertyS', 0x35626236613965646539616664613634313463313633363335383638616566383763303630626439663138623430303130666439343461633162333237323934, ''),
(21, 'Nissim.Mayo@ovh.net', 'Nissim', 'Mayo', 'NissimM', 0x30653431346335373262363932373761333665353034373933363866353935613730386330663735613334376433376334393530393230323761633065343831, ''),
(22, 'OwenTanner@Vivamus.co.uk', 'Owen', 'Tanner', 'OwenT', 0x37633563663936633134656636373939343535333130376561303330393764626533656638663037366138333434313665663936653038313765396234326165, ''),
(23, 'Paul.Cline@yahoo.com', 'Paul', 'Cline', 'PaulC', 0x33646661616630643935303063353935613537616561306661333533303332343138663830373331343936313936386238373534666263323763653536376530, ''),
(24, 'Quamar.Duke@viral.ca', 'Quamar', 'Duke', 'QuamarD', 0x64386432633433663933343831653537633963383438353835643734363030323539626139653933633932343131336564313935653463396131373235323534, ''),
(25, 'Quyn.Jordan@sitamet.ca', 'Quy', 'Jordan', 'QuynJ', 0x34616339633635613264306666363766623533653035383235343230396437393630323731613039373037626433383530653163346431343732386237363834, ''),
(26, 'Rahim.Wolfe@at.org', 'Rahim', 'Wolfe', 'RahimW', 0x37646365633934663930333665626435613037363833396232346431343830366230316165646166653939303361643762376264373730643662636264343761, ''),
(27, 'RalphWitt@volar.org', 'Ralph', 'Witt', 'RalphWitt', 0x33353539666366626366336332373664313732643763353266333738636630323831653737616464616137386633656466383262386562653063303730653530, ''),
(28, 'samia.ad.ben@gmail.com', 'Samia', 'Benarbia', 'SamiaB', 0x39623831656462613239663532316235336236323361326632303237646132343231343763333965343530663136646362333931643861373535333838376638, ''),
(29, 'Savannah.Miranda@gmail.com', 'Savannah', 'Miranda', 'SavannahM', 0x38653462643537303531363333336436353265636563313134613563643631613366653862623135363536306365383438653235323134626435303633353265, ''),
(30, 'stephaneMalbert@ak.ca', 'Stephane', 'Malbert', 'StephaneM', 0x65353666393139333062626239626637323033333462623366386636633538303565363437616530316539666366666335613337346561356665356430613631, ''),
(31, 'thibault.caizergues@etu.umontpellier.fr', 'Thibault', 'Caizergues', 'ThibaultC', 0x62323734656439633637376232353865386563393037666636326537616336336333656138346661636536333132383465643930666466363233346531623066, ''),
(32, 'Wendy.Ingram@yahoo.com', 'Wendy', 'Ingram', 'WendyI', 0x65643834613761663962613135626665336133323236373135623766333835633330336333303638333235393663366662366464346238653365626365663136, ''),
(33, 'WynterBridges@mauriserateget.co.uk', 'Wynter', 'Bridges', 'WynterB', 0x39303537396261663062386332626362323632313961666439613530386534353862343931643966336365346532656166643333353864323038346366383462, ''),
(34, 'ab@a', '15fd6s', '12dfg', '15fd6s', 0x24327924313024686d5a6d42396361704b3962493254424c30544b474f4841705579665579614d6b796d7644646963425a304c2f5674657a2f4c3869, ''),
(35, 'marshalldu13200@gmail.com', 'Marshall', 'M', 'Marshall', 0x24327924313024706254792f7a6872775441784c774349414f4f697665384b5a7634487a5a724d7a4478526c736f6e6b4f3352665464425842303275, '/images/avatarUtilisateurs/35.jpg'),
(36, 'rhufshfd@gmail.com', 'fdijsg', 'jifdjglsd', 'fdijsg', 0x2432792431302467337a4f4c44454b55312f6f5272722f4e4e6462307558564471476c4e5662576e42325639496266386f31595a394d79756b736a6d, ''),
(37, 'Fgsfdjg@gmail.com', 'fdhgsdf', 'sdfhugsd', 'fdhgsdf', 0x2432792431302465597053495570435141782e4d3075585a44642e424f6f4f344533732f544f356337656858364f3367766944556854584e53543469, ''),
(38, 'ahgfd@gmail.com', 'gsfdu', 'dfuhgdsf', 'gsfdu', 0x243279243130244242587a75652f6d64792e726e707954495a3736774f3064384168557378386139712f504764583250455a6d69624a704a34754653, ''),
(40, 'abcd@gmail.com', 'gjfdg', 'ufdhig', 'gjfdg', 0x243279243130246433614c78324e44755950584969426576755845632e6261572f576a4f324d7242335766354f73376e59486a4f5253717449426932, ''),
(41, 'abcde@gmail.com', 'af', 'fd', 'af', 0x24327924313024757449304b2e416a7453685547346d7947567958587578396768685975576c4e4e35786677666659534f54586a3930573265557479, ''),
(42, 'quentin@gmail.com', 'ab', 'cd', 'ab', 0x243279243130244b633358774c456365542f44796d437646353842726562616e5a5a313462443851427867483579546330314f574537754348794d75, 'images/avatarUtilisateurs/42.jpg'),
(48, 'ak@gmail.com', 'CorentinMo', 'MonPseudo', 'CorentinM', 0x2432792431302458615046416c595769754d4a49393776657133717175686352716952786567534c637773465475584b63524e484d4e75522e324c4f, '/images/avatarUtilisateurs/48.jpg'),
(53, 'fdsfds@gmail.com', 'affdsf', 'sdfsd', 'affdsf', 0x24327924313024414147626f616f2e756d7251317255752f436747744f3574516e4a6a6d6f626b784c326468422f7847674f2e6875352f656f2e7432, 'images/avatarUtilisateurs/53.jpg'),
(58, 'agf@gmail.com', 'abc', 'gfd', 'abc', 0x2432792431302467304b5244485370686641366a35724d70744734384f662e6539364d555667486b45746a6d425366676a6a49793158366654696c57, 'images/avatarUtilisateurs/58.png'),
(67, 'abcdefg@gmail.com', 'gjdfi', 'gfdijgd', 'gjdfi', 0x24327924313024346933394a66566562615748644a665375634d4f524f46484154505557504d784d356c615065384f43376a7a3331766d5a6366412e, 'images/avatarUtilisateurs/67.png'),
(68, 'frjfsdijfs@gmail.com', 'af', 'md', 'az', 0x243279243130244e45424365726a355339476d7351326f30623252742e4f4a42324a4c555643547a4e6b454c393055704259582e694c33384a475536, '/images/avatarUtilisateurs/.png'),
(71, 'az@gmail.com', 'az', 'mf', 'a', 0x2432792431302453364e496339414e3663624e786d683578306f664d656832554b75625730474a706768786c4c4447522f654f4e2e3837374b774c47, '/images/avatarUtilisateurs/71.png'),
(72, 'C', 'Quentin', 'QuentinC', 'azerty13', 0x243279243130246b552e376d6f72504c425a3333414636617a4e663665487976305a613171575139584368395776626a536371745641515954566d61, '/images/avatarUtilisateurs/72.png'),
(73, 'ap2@gmail.com', 'Moumard', 'Corentin', 'CorentinM', 0x24327924313024725158744a732f646c466c6e4a6d65586e514c4c694f37544d664139745153506465657871417453384a7a36786e62412e314a4c71, '/images/avatarUtilisateurs/73.jpg'),
(74, 'ak222@gmail.com', 'AName', 'APrenom', 'APrenomAN', 0x2432792431302473573169626d4f6d614b7074727a38574234573372752f2f705873656b48395570732f6354582e413534485258335a545570545157, '/images/avatarUtilisateurs/74.jpg'),
(75, 'app@gmail.com', 'abcd', 'efgg', 'abcd', 0x243279243130246e5a4655473243557849794c793930702f324156497547684233765538476264752e37614679667679424669386975333665583636, '/images/avatarUtilisateurs/75.jpg'),
(76, 'abbbc@gmail.com', 'abbbc', 'amp', 'aoiu', 0x24327924313024613474492f4d5973307a747a32344e4e2e5764314a2e6b42787761726a7a7276525838676e6267467047692e5176464e7a35343032, '/images/avatarUtilisateurs/.jpg'),
(77, 'SurprisedMajor@gmail.com', 'FoolhardyGuy', 'FrayedBelt', 'NonstopBug', 0x24327924313024587246506c7a6c503169552e61716461336e6837456555536a48616c577a664f6a575966494c6538494a697330684d723241454c4b, 'images/avatarUtilisateurs/default.jpg'),
(78, 'LuckyChest@gmail.com', 'ItchyWoman', 'ConcreteLong', 'IncomparableBody', 0x243279243130246453395176597247542f3569783144645452486a764f4d6d77476d75507172616a684f37626857534a654b57435846656b2e352e43, 'images/avatarUtilisateurs/default.jpg'),
(79, 'GranularProperty@gmail.com', 'HeartyTest', 'TornVersion', 'SameWest', 0x2432792431302448576e354d364e6d54744937754c335230707a31492e382e723737515541324f487665445a6b7155476e7978627662634f35484947, 'images/avatarUtilisateurs/default.jpg'),
(80, 'AccurateWest@gmail.com', 'SpectacularBlood', 'HungryHigh', 'NaughtyConnection', 0x2432792431302469733363416a42514258525346716d454770482e6965424e662e54505970616377414f435971594966762e7a7134674a52356f712e, 'images/avatarUtilisateurs/default.jpg'),
(81, 'FreshEmployer@gmail.com', 'HeavyReception', 'VirtualLow', 'InsistentGreat', 0x24327924313024304c65556c654b563173522f42714875424c7063712e573441583673696f75417651343765786241564d4d7a56544e4270596b5057, 'images/avatarUtilisateurs/default.jpg'),
(82, 'SvelteFriendship@gmail.com', 'SociableSilly', 'SpecificLength', 'GlossyPair', 0x243279243130246159476e6451333973486a687465567957386559627572416e686e42727a455271755855624d37547938746b79704b4d457072452e, 'images/avatarUtilisateurs/default.jpg'),
(83, 'ModestDiscussion@gmail.com', 'DrearyLuck', 'TrainedImpact', 'CrookedAnnual', 0x243279243130243437394d423751766d585135547939334f7935455975545339306333482f7242776d54536f79394f754a646946494e70666174684f, 'images/avatarUtilisateurs/default.jpg'),
(84, 'EquatorialWeb@gmail.com', 'WarpedBird', 'MasculineRespond', 'KnowingDimension', 0x2432792431302476586973707651416a6e4a5268544d67797168466f4f4c6b524a48752f64754b6f45626f2e705265376578564a326d307a45396171, 'images/avatarUtilisateurs/default.jpg'),
(85, 'ChiefNerve@gmail.com', 'WaterloggedPolicy', 'ViolentIdeal', 'WideWorld', 0x243279243130246755317942573755436b43466651765a66434d6a4b4f656b6e3466306b7962734a2f2f644959547649744f672f4a533977505a4147, 'images/avatarUtilisateurs/default.jpg'),
(86, 'StaidMail@gmail.com', 'SentimentalSide', 'ShoddyFeel', 'NegativeLake', 0x24327924313024723177367135346d6b50493956464f43555147366f4f6f495162656754454161426e74716e55745a717164637356527746394f4a75, 'images/avatarUtilisateurs/default.jpg'),
(87, 'GuiltyVacation@gmail.com', 'SociableDefinition', 'GrownLaugh', 'MerryWhite', 0x243279243130244c42704639734d354f4a573145556f3448666976742e4a463250582e69676f456c4e4565784a44383770494d70543442682e48316d, 'images/avatarUtilisateurs/default.jpg'),
(88, 'FinishedHighway@gmail.com', 'ForcefulStop', 'PerfumedLink', 'DangerousTerm', 0x24327924313024555a755a4f7a552f6b485a624264526769764778464f3731586c336c73633573476a526663577533354a61497157796b4b70704253, 'images/avatarUtilisateurs/default.jpg'),
(89, 'AshamedNose@gmail.com', 'KindPast', 'ExperiencedQuote', 'TastySpend', 0x243279243130247747447a48415554767850435743356632565261657566657569684555533458594a784a584f777849784334502f394670344a356d, 'images/avatarUtilisateurs/default.jpg'),
(90, 'SnarlingDog@gmail.com', 'BumpyEnvironment', 'AnnualWonder', 'Hard-to-findNoise', 0x2432792431302450377150596371616232774137436d4b5279504e787563466d2e3276567367786367367279765a4e5764347564694354734552384b, 'images/avatarUtilisateurs/default.jpg'),
(91, 'Far-offFix@gmail.com', 'WelcomeBowl', 'MotionlessDoctor', 'TriflingMethod', 0x243279243130247169376e344f583179335a6662314d514f4453723575616c2e432f38384d6e525166557a36614932663350616643654f75324a4169, 'images/avatarUtilisateurs/default.jpg'),
(92, 'ReflectingRadio@gmail.com', 'InsistentHold', 'RawForm', 'EverlastingResponsibility', 0x24327924313024486b415550446d694e6f354e5a6b464950313333564f7143593142644a48333030707350695147786d6f6c534f42394e5963743465, 'images/avatarUtilisateurs/default.jpg'),
(93, 'ExaltedLoad@gmail.com', 'TeemingBoring', 'IdioticCount', 'DryShirt', 0x24327924313024374f2e3161756d2f305974734c6463784c5a784c3175385a33774a4c37544a566e325356475743766a4c67726c4e67426b794b3447, 'images/avatarUtilisateurs/default.jpg'),
(94, 'TheseMixture@gmail.com', 'PleasedManagement', 'PrivateTie', 'SteepSoftware', 0x243279243130245845694d386c56394d464e48696350477578507067755471616154545a742f4675635435777449384b775852785668433576394c43, 'images/avatarUtilisateurs/default.jpg'),
(95, 'Old-fashionedRope@gmail.com', 'LeanStation', 'ShallowCup', 'UnsungSignature', 0x2432792431302452366d7a615a4575577a6f783944386259454f622e4f372e674558362e3454542f58334a7274673763505268315568772e6e4c3736, 'images/avatarUtilisateurs/default.jpg'),
(96, 'WorthlessChildhood@gmail.com', 'ConstantConvert', 'CriticalPage', 'UnselfishControl', 0x243279243130247250616f497546646a4d7647664a486c425437456f4f4c575771434d656f6b4a59653748364844527a3563594a3561632f5352514f, 'images/avatarUtilisateurs/default.jpg'),
(97, 'SmugBirthday@gmail.com', 'PrettyPayment', 'ColorfulCigarette', 'OutrageousScore', 0x24327924313024796435635250527a736d6b356772704476337a6e532e664a6761535362655155323637796964715a4861456b585375534a6a764565, 'images/avatarUtilisateurs/default.jpg'),
(98, 'AllParty@gmail.com', 'MuddyAffect', 'CarefulMuscle', 'MelodicKid', 0x24327924313024415931766a7469694453632f3545454f797776664d6561494a3178694e357965386d374d47376f713748313170637133314557352e, 'images/avatarUtilisateurs/default.jpg'),
(99, 'FrigidAnnual@gmail.com', 'GullibleFire', 'PaleKey', 'VigilantEvening', 0x2432792431302477675853454945414137506e6674536249377773574f74612f3031396a486147417670377963783577644242754241765564497032, 'images/avatarUtilisateurs/default.jpg'),
(100, 'BabyishEquipment@gmail.com', 'DearBend', 'ComfortableBelt', 'PoliteSource', 0x243279243130246f336a6b424630787378694b745a4f5056475839762e6844546337782f2e39745847493572694b592e5557585638414c7635564b36, 'images/avatarUtilisateurs/default.jpg'),
(101, 'Clear-cutEntertainment@gmail.com', 'BriefImpact', 'ImpureFly', 'AnguishedWitness', 0x24327924313024334e633435316b72496c6f6c3948387674704f615365646764765a786b4c506361712e6f4a63634f6c707431756b424f5756485761, 'images/avatarUtilisateurs/default.jpg'),
(102, 'ThoseEvidence@gmail.com', 'YellowishDeal', 'GargantuanCabinet', 'EarlyIsland', 0x2432792431302467594b74346f694334616c454c726e7747357a466c757a354379556a6656504e44624e56596f77684e644f75797266574b34697243, 'images/avatarUtilisateurs/default.jpg'),
(103, 'PassionateFortune@gmail.com', 'ConsiderateBoot', 'ShimmeringTeach', 'LeftHate', 0x24327924313024644b4975352f494b7238756868734d4c6553596837654833632e343070467969436134366a673338705263687671776b416c337375, 'images/avatarUtilisateurs/default.jpg'),
(104, 'CreamyPositive@gmail.com', 'TepidForever', 'SecondaryPrice', 'ConcreteLay', 0x243279243130245a4673446b49564b4e664e4547764d36576435637a75716e695768576b53784e796b53733372444b796c58773771506c4a674f7143, 'images/avatarUtilisateurs/default.jpg'),
(105, 'SteelEscape@gmail.com', 'AnimatedEntrance', 'HalfSail', 'TeemingPrimary', 0x24327924313024534d6d635741613433576d46687761676a6b75646b6574684d516e797157666f30344f47464e784e52695241563966305557364369, 'images/avatarUtilisateurs/default.jpg'),
(106, 'WingedWar@gmail.com', 'ImpeccablePrompt', 'SlipperyAdvertising', 'UnwieldySchedule', 0x243279243130244e6b3462655963573955374e52576d34433077774c4f574664303138364c765577584255555457737873794c793577506b4d696671, 'images/avatarUtilisateurs/default.jpg'),
(107, 'Sure-footedCoast@gmail.com', 'CarefulTraffic', 'Far-flungSugar', 'AgitatedChurch', 0x243279243130244a316665615a68596e5330416a4c2f7a58464649387564613632306235744e55487172384a7731417375625a5154654b7651303665, 'images/avatarUtilisateurs/default.jpg'),
(108, 'DopeyChest@gmail.com', 'CreepyTwist', 'OurComplaint', 'ExperiencedStep', 0x243279243130244f533250784a5032472e306a7378376a4c62516e454f656b4e707231725a617a3556497a706d617478467539656768547577545243, 'images/avatarUtilisateurs/default.jpg'),
(109, 'EnergeticGoal@gmail.com', 'PreciousUpstairs', 'PertinentAgent', 'TeemingOther', 0x24327924313024674667676c317468444b784f626233516e72525153756550357654414165537142637179766a443567342f6758634765626c315461, 'images/avatarUtilisateurs/default.jpg'),
(110, 'DelightfulBunch@gmail.com', 'OccasionalGreen', 'FabulousCustomer', 'ApprehensiveTrouble', 0x243279243130243273494c6d356c426432674e4f457436356c3632642e7773715967322f7133446235486b6373714137527159714b4838485a793571, 'images/avatarUtilisateurs/default.jpg'),
(111, 'LustrousJoke@gmail.com', 'SameShelter', 'EmbellishedBeginning', 'CarefreeConfidence', 0x243279243130244b4f4e31655a61363355594f41666643766b7033732e62556a5448453577367161527543574f794b49662e544a3154586370306575, 'images/avatarUtilisateurs/default.jpg'),
(112, 'UnrealisticDog@gmail.com', 'ThoseAssociation', 'WetShift', 'WrithingKitchen', 0x243279243130246a2e6d64446c5838354339347541546d62496c57774f616479414437626b38567232374a452f4a55476d75423772394e524b6f612e, 'images/avatarUtilisateurs/default.jpg'),
(113, 'OptimisticQuantity@gmail.com', 'TediousBug', 'CuddlyHabit', 'SeparateSoup', 0x2432792431302450662f504154476a58734b756643504c4648546650656c747976523177777839347632575a636773733344447377707a6452305061, 'images/avatarUtilisateurs/default.jpg'),
(114, 'PushyCoast@gmail.com', 'SlipperyHotel', 'SweetHoney', 'ShockingOffer', 0x24327924313024707141714e4b4149334a536548785466754876385165664a74654344314a7a6d7a46684f56624c482e5565797732364d4163493161, 'images/avatarUtilisateurs/default.jpg'),
(115, 'PowerlessStick@gmail.com', 'BurdensomePrinciple', 'TintedReturn', 'NearDesign', 0x24327924313024786c664769784e6177316856704a484366325953626558796d764d2e6161617a2f6473704e4e373065326f39514362705649434e36, 'images/avatarUtilisateurs/default.jpg'),
(116, 'MessyChest@gmail.com', 'IrresponsibleCalm', 'CuteWriter', 'InsecureReality', 0x24327924313024644f31564b644156576a6e6e53567a5652793375667579426c4d5651384a4559414b644a672e5962613439645966535a686c344a71, 'images/avatarUtilisateurs/default.jpg'),
(117, 'CarelessNewspaper@gmail.com', 'HarmfulBlame', 'AntiqueGap', 'HurtfulLet', 0x2432792431302456707264667655424e69554a4572573566583765504f4f3563684a37324146637243764f6b4b7767797375767978572f79356c384f, 'images/avatarUtilisateurs/default.jpg'),
(118, 'WildCharge@gmail.com', 'PassionateCommunity', 'GreenCoast', 'MiserableScene', 0x243279243130245a366255474250613032504b72616e384e544171676566364c4a3272716267364e6f786a3373676644306a41616652444e55506569, 'images/avatarUtilisateurs/default.jpg'),
(119, 'UnawareYoung@gmail.com', 'Old-fashionedAspect', 'AromaticTough', 'InferiorSpiritual', 0x2432792431302468726b61344567565148756e6a4d3831377772464d4f495247706936522e4741643151374253586e38734a70317149374f6641354f, 'images/avatarUtilisateurs/default.jpg'),
(120, 'LastTune@gmail.com', 'YummyCross', 'RespectfulPartner', 'ImaginativeAmbition', 0x243279243130243152494e6a4869705376574f684563414f647a73574f30614f75387a5652754f79746570506f317744463166754a77796f6948646d, 'images/avatarUtilisateurs/default.jpg'),
(121, 'FrankConnection@gmail.com', 'OriginalTeam', 'HummingAssistance', 'GiddyCat', 0x243279243130244b323771315641736262562e634f3659527533504a2e4361547a63794b6f477a4f38596747304b7255506b597537665a6c644a3379, 'images/avatarUtilisateurs/default.jpg'),
(122, 'CuteComfort@gmail.com', 'ExcitingBenefit', 'AptChart', 'ShamefulGame', 0x24327924313024595159714641704a2f4951524a7969474c457a446b656e30516647736a67547630667978544c71574e7a47366e58414a2e4253414f, 'images/avatarUtilisateurs/default.jpg'),
(123, 'ConfusedInfluence@gmail.com', 'Hard-to-findLiterature', 'ImpoliteHate', 'Sure-footedWitness', 0x243279243130246776517a4e73446c7a37595273306e385439693932656741656b745561466c4f695a4772384b38554b634362366965574239497a36, 'images/avatarUtilisateurs/default.jpg'),
(124, 'RegularConvert@gmail.com', 'IntrepidAd', 'BewitchedRefuse', 'BreakableHandle', 0x24327924313024504971484d6d65314e564d65717179685946616769755a55307a5533794b69353764794152714e4832393833356e6d46506c555343, 'images/avatarUtilisateurs/default.jpg'),
(125, 'HonestClub@gmail.com', 'PopularStranger', 'ExcitedTechnology', 'MortifiedWonder', 0x243279243130244c504d464d6f50636e6450725469646c697551624965786b3473667758757a35576742436f4f4350754e6d676d51476e4161473253, 'images/avatarUtilisateurs/default.jpg'),
(126, 'DopeyFinal@gmail.com', 'WorthwhileDeposit', 'HomelyHunt', 'VirtuousBitter', 0x2432792431302443383275754d654e335332444f655774472f2e43707559626e3866714a6e57467455723966355162374a3566734c3331437430744f, 'images/avatarUtilisateurs/default.jpg'),
(127, 'CompleteAdult@gmail.com', 'AustereWeight', 'StudiousGuarantee', 'FeminineError', 0x2432792431302434736931476f466e664c427a484d454341363753622e6b643852746835584a4f326d36723271316847373973714442505151657461, 'images/avatarUtilisateurs/default.jpg'),
(128, 'FlimsyPhoto@gmail.com', 'YellowBrilliant', 'ThoseFemale', 'DefenselessPrompt', 0x24327924313024314a73337668524d702e49487877326a306c5855424f6457334b7873364b45784a78704278496a656e6e51616f3137733876505069, 'images/avatarUtilisateurs/default.jpg'),
(129, 'RipePerformance@gmail.com', 'ThinProperty', 'GraciousDevil', 'LiveSink', 0x2432792431302446326a2e62745531543259303739556d6550656831653074746737796a79507057676a43517057596a47414d512f31306f474f4753, 'images/avatarUtilisateurs/default.jpg'),
(130, 'Well-wornRush@gmail.com', 'PleasingBrown', 'CloseMortgage', 'DistantCard', 0x24327924313024513659424e634635507a556a306d6646765776366c4f4d76712f376666506f44657277356b766377646f687064564942546f624e57, 'images/avatarUtilisateurs/default.jpg'),
(131, 'SuperficialPrimary@gmail.com', 'UniqueMovie', 'StraightPlay', 'ElaborateInside', 0x24327924313024304166486d5144674c514a5763747168555763496575396b4a46316a62794d6c6553734c69457468654e2f6f5130636a6248565353, 'images/avatarUtilisateurs/default.jpg'),
(132, 'Big-heartedWatch@gmail.com', 'SaneLie', 'PlayfulDrama', 'ClassicShop', 0x24327924313024624d344a75485a6a6d77585650366f6e49375255414f6b664275766f7154516e6750344566766f5a626a41526f534f35386e32674b, 'images/avatarUtilisateurs/default.jpg'),
(133, 'GranularResident@gmail.com', 'SpiritedShoulder', 'FlawlessWine', 'Long-termNetwork', 0x24327924313024422e6677452e4d59442f356a3277392f2f75516b51756645714a774646546a75704e746b76367052464a744a6334496c75364a4271, 'images/avatarUtilisateurs/default.jpg'),
(134, 'GoldenBlack@gmail.com', 'KeenFinish', 'StaidRequest', 'SimilarOutside', 0x24327924313024744761504745692f45565736677a614e4d55556c714f37594874776164366c71476273336b386836586c65775672354d6651324c57, 'images/avatarUtilisateurs/default.jpg'),
(135, 'CriminalRain@gmail.com', 'BoilingTea', 'NiceQuiet', 'MasculineFill', 0x24327924313024657935562e7056533030535174425a43764e4e51554f776b727938664e32436e6a53704a6965617166674e79703233614b57627457, 'images/avatarUtilisateurs/default.jpg'),
(136, 'LooseDoctor@gmail.com', 'EcstaticLoad', 'DiligentVisual', 'GleefulServe', 0x24327924313024394b306939656a57757258564f7272383864737a5a2e58747473486662634453455437687575484941736e73412e532e43317a684b, 'images/avatarUtilisateurs/default.jpg'),
(137, 'ShamefulService@gmail.com', 'ElatedKnee', 'AcidicCalm', 'StunningAuthor', 0x243279243130243074495946585132386b4968303849634f683646762e756654634344614c562f49622f71382e745839644f6969415543675836784b, 'images/avatarUtilisateurs/default.jpg'),
(138, 'BelovedLand@gmail.com', 'UnfitJacket', 'KeyThanks', 'FavoriteNation', 0x2432792431302447686273556a6a655a4d62654176695159317472312e2e34774336457461794c79357150417769703477704d757333557856665071, 'images/avatarUtilisateurs/default.jpg'),
(139, 'DefenselessGod@gmail.com', 'EducatedDrop', 'WideWash', 'GummyEnd', 0x243279243130245063686665737a7a5055443031644454654e6f542f65746c4a377767747268584e417366335459552e4d544568564847314555502e, 'images/avatarUtilisateurs/default.jpg'),
(140, 'Well-litCandy@gmail.com', 'ShortWest', 'ExpertCross', 'ReliableWhole', 0x243279243130247567412e4277324a3466753355757954646b634870754533566375706d717a73414a72625a6e464b6c4c30787166444536422e7853, 'images/avatarUtilisateurs/default.jpg'),
(141, 'CurlyTom@gmail.com', 'BareStandard', 'PossibleSpecific', 'ShortSpace', 0x243279243130243376686879436a2e584a7a5644336d384357633968756c5048574f782e4b6f64512f335376774c30444476534245666f5943394c69, 'images/avatarUtilisateurs/default.jpg'),
(142, 'NextTomorrow@gmail.com', 'WrathfulBonus', 'BleakSpeaker', 'PreciousFishing', 0x243279243130245a616d6246685463564837664a594f33534a624964657975446f7555477647464c724a33384f64562e2f6b475267656e672f553479, 'images/avatarUtilisateurs/default.jpg'),
(143, 'ImpureOil@gmail.com', 'ChubbySeason', 'QuestionableSpite', 'ShockingServe', 0x243279243130244137433944664a4b7a56777a5763796534424941427569757059664d516f565175736a5463365a63375252763746395a5139366a75, 'images/avatarUtilisateurs/default.jpg'),
(144, 'SparseTraining@gmail.com', 'ZigzagSalt', 'GrumpyCondition', 'StrikingSpell', 0x243279243130247730745470492f65344172447944643348723773634f4d4d5932776e3830395478615868464a37684e785a6a677770746a6d6a6943, 'images/avatarUtilisateurs/default.jpg'),
(145, 'KnobbyTennis@gmail.com', 'FewSmile', 'WorstLeather', 'VioletSilly', 0x24327924313024343572644a2f31584449766b37574c51714b31645365556c39614941314f757148356e595671396270417955724d65385a62665436, 'images/avatarUtilisateurs/default.jpg'),
(146, 'MiniatureFlower@gmail.com', 'MintyCrack', 'DizzyCourse', 'RoyalEscape', 0x243279243130244d547a51374958646665736c4547416c4d30436c582e637a55504b4d6d332f6b59643276336a794641677269476e5877494b6d7743, 'images/avatarUtilisateurs/default.jpg'),
(147, 'MonthlyDrop@gmail.com', 'ExhaustedResult', 'WrithingAnalysis', 'VirtualTemporary', 0x243279243130244c6e4a48436c59494e6b4655366d3072334d396c754f3437496b7a7658673338527a33692e497472514a6d413930395763394a424b, 'images/avatarUtilisateurs/default.jpg'),
(148, 'Well-documentedOffice@gmail.com', 'Good-naturedCity', 'BriefWrap', 'KnottySpare', 0x243279243130245746424a4d6e65336543695964496e34314c55624e75346172315a557045755867395764635a69536f4f5633304b41417575784771, 'images/avatarUtilisateurs/default.jpg'),
(149, 'AcceptableCurve@gmail.com', 'SoreResident', 'WhisperedGlad', 'ShabbyConference', 0x243279243130244f34672e74794e69584a4d493644336268395036666551672e77355547384e79563432332f417134746a77315a5446316b6b4d4661, 'images/avatarUtilisateurs/default.jpg'),
(150, 'SweatyCrack@gmail.com', 'SpryPower', 'DualTouch', 'MustyMobile', 0x24327924313024355a694178716f44757437694f686137346a5245692e424a79573757566e344970496f444a6e386641697a6d6a3865634e34397357, 'images/avatarUtilisateurs/default.jpg'),
(151, 'HopefulFigure@gmail.com', 'ImportantGlove', 'GrouchyMaster', 'AcrobaticChair', 0x24327924313024587a7569335963495544753474374a424b595167752e674f774c6b61775976572f4c7939796f4179356b73624a474d44467548784f, 'images/avatarUtilisateurs/default.jpg'),
(152, 'InternationalPersonal@gmail.com', 'ScratchyNational', 'VariablePromotion', 'MonstrousRespond', 0x243279243130246f374e754550736b6e35446445764d644c4b365432654341385a4f62556868566f4767315246527157694659796b31593637587979, 'images/avatarUtilisateurs/default.jpg'),
(153, 'RockyEquipment@gmail.com', 'BothCollection', 'IntelligentCrash', 'GlossyItem', 0x24327924313024616e457547394a555753383666705976507253633375324437586f31545970703663543557674743464c694b51476e73373958326d, 'images/avatarUtilisateurs/default.jpg'),
(154, 'ParchedDiamond@gmail.com', 'GrowingTitle', 'StableSite', 'AdorableWitness', 0x24327924313024766177763349476e61337037574e6c34496159557375704d44737a774768454a462f635a6359764e38666b376c463270755943744f, 'images/avatarUtilisateurs/default.jpg'),
(155, 'IntrepidCombine@gmail.com', 'CultivatedPolicy', 'SelfishTelevision', 'GlassMarket', 0x2432792431302477666b6d54355474764f50314d4c31453058536d397568646e6544326634787a61736b416954365a732f5756496f6c704e53546b79, 'images/avatarUtilisateurs/default.jpg'),
(156, 'FabulousAssumption@gmail.com', 'SoreEstablishment', 'AfraidTax', 'PlainCommercial', 0x243279243130243976443957454d43314767304a31374676335537374f58386862716d44423145596e51696a537a41494e4a6778777a4f4534735565, 'images/avatarUtilisateurs/default.jpg'),
(157, 'GrotesqueCurrency@gmail.com', 'SpottedEssay', 'SaltyPush', 'ShowyRelease', 0x24327924313024516f4f464c474776466c5432564c395a3861473133654335354552653055543449766c714858443966416b656139716e654369784f, 'images/avatarUtilisateurs/default.jpg'),
(158, 'FrostyDrive@gmail.com', 'AdvancedEgg', 'EsteemedOven', 'BeneficialLie', 0x2432792431302448396a466c687338436b624c343736396f6f63535775786b70584d78397657674d6c3179475435304837456d77734a306f6e393261, 'images/avatarUtilisateurs/default.jpg'),
(159, 'ForsakenGod@gmail.com', 'MenacingSignature', 'SizzlingCarry', 'GrotesqueWeight', 0x243279243130244e6a7469476b47364953787173595263725043397a2e30564c32337a434c596b3239655934543771614f30763172366f6d654f5565, 'images/avatarUtilisateurs/default.jpg'),
(160, 'InexperiencedBase@gmail.com', 'SugaryTeacher', 'NoteworthyOccasion', 'StingyPay', 0x2432792431302441645848652e50594a716b335149786c675165654275696e75466d63657969573663795753626e5750394f566d66594831495a7532, 'images/avatarUtilisateurs/default.jpg'),
(161, 'FewGovernment@gmail.com', 'LiveEquipment', 'WoefulInsurance', 'Extra-smallBook', 0x243279243130245a6d4873474745706534766c6d3971734857446c5265324b52716e6649386e4543634a6b424e6b626e47593936546d415853707369, 'images/avatarUtilisateurs/default.jpg'),
(162, 'UnusedSun@gmail.com', 'SteepStop', 'VirtuousStatus', 'IntentionalAside', 0x24327924313024414b7a3470736b69713249486c5045584a7a4f4954654a577a5648382e3139714b3274426b6f4738445a2e474f764b42484f376a36, 'images/avatarUtilisateurs/default.jpg'),
(163, 'Well-offFocus@gmail.com', 'GlumSky', 'OddLight', 'BumpyCode', 0x24327924313024694b6161764e614e34487861496d616d35514844377543594672744a584b56343339726f5064764e3077433573474364634133542e, 'images/avatarUtilisateurs/default.jpg'),
(164, 'ScarceNet@gmail.com', 'AncientArm', 'Well-wornLong', 'UtilizedProblem', 0x2432792431302458546f56426c2e6e437a6d4252455749424f4369554f7954787a4c4434484a4450584f38474d596e7975566e466e74677870666d71, 'images/avatarUtilisateurs/default.jpg'),
(165, 'GrandLake@gmail.com', 'AccurateDream', 'EmptyHole', 'JoyfulSoftware', 0x24327924313024514d343832713255363766493446526e41486a4a714f5663597262442e474e675043766272516c646c4a7a3471794b7767612f3743, 'images/avatarUtilisateurs/default.jpg'),
(166, 'WindyGrass@gmail.com', 'BasicTooth', 'ObeseCareer', 'WhisperedSet', 0x2432792431302443512e617a7a4b614c726241597849436a7731577a4f75363766375333386a434346622f2e7976303239676e57346b324e6948384f, 'images/avatarUtilisateurs/default.jpg'),
(167, 'Hard-to-findCover@gmail.com', 'SoftObjective', 'OddIncident', 'ImmediateCorner', 0x2432792431302438326b527264634d4132634f436248347964797a33656973444f315a757057716732574649546c624e337555634847684c4238346d, 'images/avatarUtilisateurs/default.jpg'),
(168, 'ImperturbableElection@gmail.com', 'MiniatureKing', 'ExcitedTeacher', 'QuarterlyTest', 0x243279243130246b666e34345168796457755a7066384c584c585a644f34506f4345414e4d3537705270433767573745582e462e7a594b56454a7557, 'images/avatarUtilisateurs/default.jpg'),
(169, 'OutlyingBase@gmail.com', 'MortifiedSide', 'AncientExperience', 'UnluckyInitial', 0x24327924313024584157502e722e377a4b36756b32756d574d7655482e50754b5054754d41546d43565a62563271634a4e65737266684e314d657075, 'images/avatarUtilisateurs/default.jpg'),
(170, 'DramaticPercentage@gmail.com', 'OblongGarden', 'PungentCriticism', 'ElaboratePath', 0x2432792431302450763055596976643858482f596645417a684d494d65507a34625661626f69586642494a44636a586272425166455a445246396743, 'images/avatarUtilisateurs/default.jpg'),
(171, 'WarpedPrint@gmail.com', 'UniquePlant', 'DearestTime', 'CelebratedArrival', 0x243279243130244a576b4268506d684f714e4456536f425775444a334f4d4b3035665539385a6a762f59504c66555a4f33586d7661497378577a444f, 'images/avatarUtilisateurs/default.jpg'),
(172, 'TautYear@gmail.com', 'ScarceSandwich', 'AngryPublic', 'NovelBedroom', 0x24327924313024435577623233554c63784530506f6e6251436a6338755231794f67615337434e6763495a6b5a3436794241736f71505859442f3061, 'images/avatarUtilisateurs/default.jpg'),
(173, 'PhonyReality@gmail.com', 'ThunderousCapital', 'JollyPhase', 'ProudPost', 0x243279243130246a33664169425844446c635456582e734c43776949652f71476b3934536a6f5973446d7837387161477754304b537a66645a375447, 'images/avatarUtilisateurs/default.jpg'),
(174, 'VoluminousTowel@gmail.com', 'OverjoyedCost', 'IlliterateLong', 'TubbySpeed', 0x24327924313024423553764564486372736b2f7759546d343772787375356641666b6c646b66746c656f6e4d554c67485a755238665a50585875516d, 'images/avatarUtilisateurs/default.jpg'),
(175, 'AvariciousEffective@gmail.com', 'Happy-go-luckyStrike', 'AggravatingLock', 'FailingStuff', 0x243279243130246e57736d4f773576677263544f52565677547a55697545304979306c53317670307643756138674148493335656e7a67654a454a71, 'images/avatarUtilisateurs/default.jpg'),
(176, 'Sure-footedAccess@gmail.com', 'CurlyValue', 'HomelySinger', 'OrangeTale', 0x2432792431302474446a693774446272306c552f536e68466b365967752f4355325535432e6e592e676772414f5a374a3435462f4f4f386c6f2f6643, 'images/avatarUtilisateurs/default.jpg'),
(177, 'UntimelyMud@gmail.com', 'CanineFan', 'ShortMaximum', 'RemoteThroat', 0x24327924313024563849474d5573666b7056687135794c51474d65616549746c43747a6a4263764565514c707453534f656a504749575152626d3761, 'images/avatarUtilisateurs/default.jpg'),
(178, 'GlisteningCurrency@gmail.com', 'TightPartner', 'AlertBar', 'VoluminousSolution', 0x24327924313024714852743571694e2e50504767416c4e574b4b702f6543666f4476635756786778464f74694744666d68392e657875737350793061, 'images/avatarUtilisateurs/default.jpg'),
(179, 'PleasantMedium@gmail.com', 'GleamingLuck', 'RoastedRevenue', 'ValuableInsurance', 0x243279243130246a792f744f455a77325271714572793766475854652e4172594a41394348686a326a47326a6d334a583041486b562e554c55787961, 'images/avatarUtilisateurs/default.jpg'),
(180, 'UltimateChemistry@gmail.com', 'ExcitableShine', 'PaleBear', 'LoudPerspective', 0x243279243130242f495649575059462e6a363878426d3675354f4166756739714f4d6179763443304e486c3657417651716e4d35346c6c7371453832, 'images/avatarUtilisateurs/default.jpg'),
(181, 'MildFuneral@gmail.com', 'UpbeatOpening', 'UntidyEnthusiasm', 'BeneficialFinger', 0x243279243130244e2f6461766c4a514b316d704f322e3154737533476549552e6a427a753774554f7076545a75706a636d6c347a5379414770635432, 'images/avatarUtilisateurs/default.jpg'),
(182, 'GlamorousCard@gmail.com', 'AwfulBowl', 'SeparateAssociation', 'AcademicSoftware', 0x24327924313024516251346a5a66664847516275576e302f625a556a65635a3461654c67496d2f784e31425663415833495734534e7357503831692e, 'images/avatarUtilisateurs/default.jpg'),
(183, 'SevereStage@gmail.com', 'ScratchyUniversity', 'GrizzledYard', 'ScaryWife', 0x24327924313024536a4c5a735043704c524938416d6d74587661727465483555735344433564734d395665596d4b442e487050656f4657324178372e, 'images/avatarUtilisateurs/default.jpg'),
(184, 'BraveCall@gmail.com', 'ParallelMinute', 'MintyTom', 'VerifiableBoring', 0x24327924313024354755637470456f5166664d6e4161746c6e32655975567252627a4646393475512f7243374a5552314444616568794f484b6c7732, 'images/avatarUtilisateurs/default.jpg'),
(185, 'Hard-to-findDig@gmail.com', 'CostlyMember', 'DaringSwimming', 'MountainousHurry', 0x243279243130244c6c536e5a4658456d556e364e4346344f41777276655a547165704d334f752e42646154556872386b4e57584f5831673967733165, 'images/avatarUtilisateurs/default.jpg'),
(186, 'UnrulyCamp@gmail.com', 'ElasticMaster', 'UnwittingMap', 'ComfortableCan', 0x243279243130244e445831336b65466477764331444e3537547a42474f73396d2f6461447777696731486f414e744a54467943334178737a5554634f, 'images/avatarUtilisateurs/default.jpg'),
(187, 'CostlyShot@gmail.com', 'FinishedCamera', 'Short-termPark', 'MagnificentVirus', 0x24327924313024544a6c4454777148632f57686d58663147663743624f63633733596c5343355641314c754c5867544968536f38584657756d54796d, 'images/avatarUtilisateurs/default.jpg'),
(188, 'BarrenAlcohol@gmail.com', 'OrganicWoman', 'ChillyWind', 'BlondDistance', 0x2432792431302433626a7958356578754973357841396b506f75514f4f5351734a364a42556854706d6c4c32367667542f6e6e763172326b786b5361, 'images/avatarUtilisateurs/default.jpg'),
(189, 'BelatedCarpet@gmail.com', 'VividCouple', 'ProfuseHold', 'ThoseSlip', 0x243279243130246c674f385751323845442f796b32566362786b614f2e2f7246395770544d4d5a703241624c39543358504a725a66653747457a4a36, 'images/avatarUtilisateurs/default.jpg'),
(190, 'SolidBelt@gmail.com', 'UnsungChange', 'DisguisedGrand', 'LeanDouble', 0x243279243130244377326846424c4c4e4f6f2f6e71447238705655694f75636d382f2e74374a4b7a55745076753667514f4a6b673735525754666665, 'images/avatarUtilisateurs/default.jpg'),
(191, 'HealthyHarm@gmail.com', 'ExoticGuitar', 'BulkyCharge', 'GrayHigh', 0x24327924313024326446384d34794b4c7234567957524b4b4f4577456575382f7963625731513865576650432e51467a474278526c5353724e714d79, 'images/avatarUtilisateurs/default.jpg'),
(192, 'ExtraneousManufacturer@gmail.com', 'Jam-packedPlan', 'CavernousWord', 'OblongMessage', 0x243279243130246f583638436b34417371616676474c38714a6a524675584d4d4b682f52724844752e354c6a5365704c6249446233612f4c6f616e57, 'images/avatarUtilisateurs/default.jpg'),
(193, 'SlipperyContest@gmail.com', 'ContentChicken', 'AltruisticSite', 'WhiteExplanation', 0x243279243130247a6d4b78673946776f4a576464462e73694d4f4569752f656b71754a78396e5430596b466970466b31353865513737396e6679304f, 'images/avatarUtilisateurs/default.jpg'),
(194, 'BronzeRent@gmail.com', 'ShrillGive', 'WarlikeSoftware', 'UnimportantPain', 0x243279243130244e4a4d6d4a665731666b74672f366f483569424b51754e797243667733716434725a676e494d306e4269746f542e56656839454871, 'images/avatarUtilisateurs/default.jpg'),
(195, 'PrettyHarm@gmail.com', 'FarSave', 'MemorableLift', 'ClosedAbility', 0x24327924313024444c75567a764c5339563444377230327a4a4635476536344c6e345567326e7a7a6e332e784667532e58464b67564b4f794c442e61, 'images/avatarUtilisateurs/default.jpg'),
(196, 'PersonalCommercial@gmail.com', 'RegalPicture', 'EsteemedKid', 'RemorsefulHomework', 0x243279243130247776517366556d737765414b4b69594a6d435867576554707453647a4b624c477a2e545941464441613269572f37506271734d6532, 'images/avatarUtilisateurs/default.jpg'),
(197, 'WhimsicalCommand@gmail.com', 'LeftSpecial', 'SickMetal', 'BareMilk', 0x24327924313024304e593752774848737342582e636a707950756e384f344d77335548513168456d6978326d447063487a382e504339344844445361, 'images/avatarUtilisateurs/default.jpg'),
(198, 'CuteDelay@gmail.com', 'YawningBuy', 'ExperiencedStand', 'MasculineEducation', 0x243279243130246e76386c3143466c6261426c414d534635556a6572656a2e584c7361476b664677746f4b4b4f71504f6e47577051622e7969655736, 'images/avatarUtilisateurs/default.jpg'),
(199, 'DesertedFix@gmail.com', 'PoliticalSafety', 'ModestTradition', 'WaterloggedConversation', 0x24327924313024563754623033574c477a2f7774445837457250565a754c6b5179625a44382f426b3059387932486d3151347a4a4c464a5238435465, 'images/avatarUtilisateurs/default.jpg'),
(200, 'ColdInstruction@gmail.com', 'Black-and-whiteFear', 'ShoddySeat', 'ElasticChest', 0x24327924313024437a4261646e7056475574454362414c6d33417a56654b646c314c584d4846746c6b61543358784e4d78796a4e5465685167747365, 'images/avatarUtilisateurs/default.jpg'),
(201, 'CornyBuyer@gmail.com', 'GiganticResource', 'PreciousLoss', 'SleepyEdge', 0x24327924313024576f654f4c6d6b3255342e36433066334d764a5879757a5733782e34716c755149436e466d684d477a646f564c31456e5051774f43, 'images/avatarUtilisateurs/default.jpg'),
(202, 'WornEmotion@gmail.com', 'FrontMaterial', 'AltruisticWish', 'PuzzledThomas', 0x24327924313024495130424e4c4a57514a6e66442f6c706b684a54574f34654255542f50522f6b6f434b514b3637646e452e54674e50576c2e6f5175, 'images/avatarUtilisateurs/default.jpg'),
(203, 'DimSecretary@gmail.com', 'HalfFamiliar', 'AwareDepth', 'PristineBread', 0x2432792431302474714f36523072614a7245497043585555454d6a7375514843564e7a32493552326a4577635934655259636c4d4f53694561754765, 'images/avatarUtilisateurs/default.jpg'),
(204, 'SoupyCabinet@gmail.com', 'HarmfulHouse', 'TerribleSupport', 'SilverVolume', 0x243279243130244e6971326953625434315758483738337062655079755759503459483870457276474c522e646d5758766f545334687a7a5846632e, 'images/avatarUtilisateurs/default.jpg'),
(205, 'VerifiableRice@gmail.com', 'VirtualDare', 'ShoddyPlan', 'CarefulDevelopment', 0x24327924313024616256593054795961596b486b446a45724b6d6e692e416b74662f7534486b4777704f436f313644716b7833496a33705934634843, 'images/avatarUtilisateurs/default.jpg'),
(206, 'StripedRough@gmail.com', 'PristineLiterature', 'PhysicalMind', 'Jam-packedScript', 0x24327924313024326e34414150675133634e736f2e634f2f625649344f7a365a467870433070413649784c425261443967624d6466733743702e3747, 'images/avatarUtilisateurs/default.jpg'),
(207, 'ScalyMajor@gmail.com', 'AlertPurpose', 'WoefulSeason', 'ImpartialPrize', 0x24327924313024745077344461674239444f466e6f346d43394b4b702e2e69633361665876467231786177567532386c6a39584d6833494d316e6a6d, 'images/avatarUtilisateurs/default.jpg'),
(208, 'InbornGovernment@gmail.com', 'EveryBody', 'MiserableCost', 'RunnyReference', 0x2432792431302446374b516664526676456f5964466351736842476c2e487039716b63704a74475770425a5762414f455173596a36465864784a464f, 'images/avatarUtilisateurs/default.jpg'),
(209, 'KaleidoscopicOffer@gmail.com', 'CompassionateEditor', 'LavishSwimming', 'FlamboyantDesire', 0x243279243130244c796b37534e4b552e7a4f66674f61394252394570654b44376155536f384b766d394f63675a3951636f754a6f30744f577a31552e, 'images/avatarUtilisateurs/default.jpg'),
(210, 'UniformTomorrow@gmail.com', 'UnrealisticWeekend', 'GiantOrder', 'LightNotice', 0x243279243130245a6b5449533756447153444d77554861736e6a38324f77346a46686b3251653247777536672e784148623731554e764c676c5a4b53, 'images/avatarUtilisateurs/default.jpg'),
(211, 'MeagerPoet@gmail.com', 'FrenchWar', 'MajesticEngineering', 'ShadyTransition', 0x2432792431302458537a7448673576776f6c4b754d624a4856526236654868706d2f43584432673930714f6d504743776d374158746a4f476b674c4f, 'images/avatarUtilisateurs/default.jpg'),
(212, 'DimSpray@gmail.com', 'DazzlingDoctor', 'Well-madeAssist', 'VeneratedHeart', 0x24327924313024686d323437594d76666234703264504547373542304f6973746233597056585744317130786d6d56525477517033377a7137746843, 'images/avatarUtilisateurs/default.jpg'),
(213, 'ThirstyLesson@gmail.com', 'UnwrittenGuitar', 'AntiqueFemale', 'CompetentDoubt', 0x2432792431302432304f37557576444933304b42384652776f7559544f6959524e45334d2e483068657a63454e2e766d7136614c4b7861464f4e454b, 'images/avatarUtilisateurs/default.jpg'),
(214, 'ShamefulConfusion@gmail.com', 'YouthfulEat', 'HurtfulBlind', 'SpicyWatch', 0x243279243130246d7866565768536a31586377385a4a494f5a3268524f4a654e4a6247745a612f784141736e506c3870487a3459772e493262517171, 'images/avatarUtilisateurs/default.jpg'),
(215, 'LikableHorse@gmail.com', 'BustlingSpeed', 'UnrealisticBrown', 'CoordinatedPopulation', 0x2432792431302470556a797278374e36653841424a6c782e2f6a455a754b583179332e7743585950617072536566635a7359424b536d384852523753, 'images/avatarUtilisateurs/default.jpg'),
(216, 'LazyFinal@gmail.com', 'GracefulSafety', 'TubbyPurpose', 'GentleMirror', 0x24327924313024556d306f454a746639667641525a6f5a686c6c527775644547345168656e3445354b7a5546414c683063706a7075316b3843434c79, 'images/avatarUtilisateurs/default.jpg'),
(217, 'IntentionalPossibility@gmail.com', 'ImmaterialConflict', 'NutritiousAspect', 'YawningBar', 0x243279243130245a323730386a7a6a596a396359364573365463716865474847644b71744c384e763962456a55704a4f394a4f426c5648514f527053, 'images/avatarUtilisateurs/default.jpg'),
(218, 'DelectableRoom@gmail.com', 'BadBag', 'RundownPersonality', 'MediumEmphasis', 0x243279243130244e4c454444636165556550443758673139336f637a2e566e6367686f337576502f3551726750544f37737a6f43552e7a6873626175, 'images/avatarUtilisateurs/default.jpg'),
(219, 'DrearyStatus@gmail.com', 'GroundedSkirt', 'WorrisomeProof', 'SunnyMatch', 0x24327924313024374f716676527771314e796a36356c5364787a344f6546344b7944626777736637365135357a6c4e4f6666676b2e77504273523732, 'images/avatarUtilisateurs/default.jpg'),
(220, 'TatteredDelivery@gmail.com', 'LikableCategory', 'CalculatingMeeting', 'FamousEarth', 0x2432792431302451565034416961477a574b4533556d66316a4e39477552695763736679764970556c372e714d724732783752456254547074657179, 'images/avatarUtilisateurs/default.jpg'),
(221, 'FreshBlind@gmail.com', 'LuckyBeat', 'TheseBunch', 'GiftedLab', 0x243279243130244e656271517632704955656838357a76732f436d654f706b6e75562f61766574733475647433554242725a42385265643464514147, 'images/avatarUtilisateurs/default.jpg'),
(222, 'VirtualImpress@gmail.com', 'JuniorChart', 'TwinBed', 'EcstaticVoice', 0x2432792431302466306c4c757444544874374779786c654f3558614e75487741384c6256725749476c5851646374432e3566506942523234494a6732, 'images/avatarUtilisateurs/default.jpg'),
(223, 'NastyFeedback@gmail.com', 'MarvelousSlide', 'LawfulOven', 'BoilingGo', 0x243279243130245245446c5377595752663577444a675073652e77442e6a6d704b346b737976735868756247717a5a6f596f77374c4a6e576e656571, 'images/avatarUtilisateurs/default.jpg'),
(224, 'NextLawyer@gmail.com', 'VibrantOutside', 'RepulsiveOriginal', 'GoodQuit', 0x2432792431302472787078353665424839673450487a6d4a697634504f5535713649586363337a466f66644463614b5437645a657978572f35762f43, 'images/avatarUtilisateurs/default.jpg'),
(225, 'WrithingEngine@gmail.com', 'HandyCause', 'UglyBad', 'UnhappyLab', 0x24327924313024336e383571466a77673937544f4a376946787844634f526d4c706b7a4e6f76562e6a514249356f414f4a4546763632555371323865, 'images/avatarUtilisateurs/default.jpg'),
(226, 'AbleSurgery@gmail.com', 'DimwittedExtension', 'SecondPeople', 'LowLead', 0x24327924313024784b696e3343472f666357727674623631614e6c4f2e50785074695a702f32414659443541356c447837315931384430384733674b, 'images/avatarUtilisateurs/default.jpg'),
(227, 'AuthorizedLook@gmail.com', 'GlaringMoney', 'StaleAddition', 'BlondNail', 0x24327924313024337330436e4a5363536f614873336f794f734771322e4a692e71447946446f632f53646f2e727a6973694d392f6b58587462682f75, 'images/avatarUtilisateurs/default.jpg'),
(228, 'ImpartialContribution@gmail.com', 'DeadStudy', 'FancyNovel', 'CourteousAdult', 0x243279243130244a6341473961383971762f41784546466376704974754f4678466944794a47566e572f62564c59633768625436376251354d654d75, 'images/avatarUtilisateurs/default.jpg'),
(229, 'BountifulExpert@gmail.com', 'PossibleHurry', 'SoftVisit', 'LividCarpet', 0x24327924313024624b657a773639786b594d4b6e413271555254562e4f30664233774b654e576a386831775879494878763147503542474e37323443, 'images/avatarUtilisateurs/default.jpg'),
(230, 'HumbleCharge@gmail.com', 'TautStorm', 'TurbulentPressure', 'FlashyStroke', 0x2432792431302477505036556976732e4e654238344e714d6a5639717538596b696a7167486d346f6875643834435a416474705052696962716b5361, 'images/avatarUtilisateurs/default.jpg'),
(231, 'RealisticUniversity@gmail.com', 'PushyPhone', 'WatchfulStill', 'ImpishRecipe', 0x24327924313024433931516e546a6d4d4d344e7178317575567a6b757543426351563156745443497244396b4b38327874637555764b48344b724232, 'images/avatarUtilisateurs/default.jpg'),
(232, 'LimitedDare@gmail.com', 'Second-handPossession', 'InfiniteLeague', 'RichResearch', 0x243279243130247a4166334f706f7961594d57623051746c582e70312e693271366b393178624e2f6d7664314b7262614f5567744d30494a4e33454b, 'images/avatarUtilisateurs/default.jpg'),
(233, 'MeagerInterest@gmail.com', 'EachField', 'ThoseBet', 'Extra-smallBird', 0x2432792431302465376d483742784934526e3857482e56416e7158314f637546393244706f41683468762e616e5a416675302e77313976682f6c3236, 'images/avatarUtilisateurs/default.jpg'),
(234, 'PleasedExcuse@gmail.com', 'Well-informedCurrent', 'ClumsyDisease', 'MonumentalCover', 0x2432792431302476425a5952543851656150623675773434694e716f2e6a4a37715765354b4d6d556447794d764861656d2f7472556c6b434b654d4b, 'images/avatarUtilisateurs/default.jpg'),
(235, 'ItchySister@gmail.com', 'MaleGuitar', 'SimpleOfficial', 'KindlyTopic', 0x24327924313024376b4141506a446b6953734148326e6c2f4679526c6535334248317176775a5044427a56614868577838644f37744f7764444b4553, 'images/avatarUtilisateurs/default.jpg');
INSERT INTO `user` (`id`, `mail`, `first_name`, `last_name`, `username`, `password`, `avatar`) VALUES
(236, 'Well-wornLeg@gmail.com', 'NextPositive', 'FumblingVisit', 'UnwrittenDisease', 0x243279243130247753565834526b716776614d49704f75314f466c426575335576794e5352425a494875735933385a66573241536e554641774c6969, 'images/avatarUtilisateurs/default.jpg'),
(237, 'ScalyCulture@gmail.com', 'DullCommission', 'FelineCigarette', 'GlisteningImagination', 0x243279243130246e334e675565796135314b71575a524d7a67635748654c7766434a42327652633362374a74706c2f49337a31774851636247435869, 'images/avatarUtilisateurs/default.jpg'),
(238, 'InformalRush@gmail.com', 'LuckyGolf', 'IncomparableCrack', 'ReflectingCommon', 0x2432792431302465342f716f636741374b30634e4d44466437466c7a754f6e796c444d334f63647a30484347312e794c564b444949586b3852774879, 'images/avatarUtilisateurs/default.jpg'),
(239, 'BothSail@gmail.com', 'IdleVirus', 'AdorableParty', 'SameNose', 0x24327924313024372f7443726b6b69486355496b6365376352597447756f706456784a386d5065487943686c44654e48746e69617866656b77347079, 'images/avatarUtilisateurs/default.jpg'),
(240, 'FalsePush@gmail.com', 'SnappyClassic', 'ConsiderateAccount', 'ChubbyExpert', 0x243279243130243146776e72655870674c325656612e5349484d68762e2e53546837386b6e4b39512f62352e4b755346443243464436467156625143, 'images/avatarUtilisateurs/default.jpg'),
(241, 'WryResponsibility@gmail.com', 'Extra-smallDream', 'TraumaticPast', 'LegitimateAttention', 0x243279243130243164553842566565594d334546424f387a39386165752f4f72664c4a5a6f34356b334f454e48356d544b77585332515a6f5a475175, 'images/avatarUtilisateurs/default.jpg'),
(242, 'PerfumedJudgment@gmail.com', 'ClutteredPriority', 'AmazingNational', 'BlackMeasurement', 0x2432792431302446574645716d3671522f4a69654e764e494b4c5234655376436f6759735931655759476d66425768474a78336d364d354945534336, 'images/avatarUtilisateurs/default.jpg'),
(243, 'SaneHate@gmail.com', 'LastExample', 'OrderlyPhase', 'ClosedInflation', 0x24327924313024476c50794d5459425a4f504c376e7174584b56322e654c7065516c3635734e4d32586d5968754d697646473635614a39386137546d, 'images/avatarUtilisateurs/default.jpg'),
(244, 'BarrenWeakness@gmail.com', 'AnnualMeasurement', 'GrowingSwimming', 'WordyEngine', 0x24327924313024457a673559486d3668626a4332642e4556466550327567363275345a6674304f3752585a52365978374d5864417856587573674d4f, 'images/avatarUtilisateurs/default.jpg'),
(245, 'ReliableBoring@gmail.com', 'LustrousRepeat', 'ImpossibleMortgage', 'HelpfulLook', 0x243279243130244561762f59614f6b5861525a4a5a6862516959476d2e6f464954364d4f3578757645366e35323265744f75733550494f4d2f514461, 'images/avatarUtilisateurs/default.jpg'),
(246, 'QuintessentialIllegal@gmail.com', 'ReflectingCommercial', 'NegligibleEntry', 'WarmMaster', 0x2432792431302439514c444f73412e71356c4f7837565a5a70544541757865334162506573704c3576656f312e7a467a7467383448386b37786c6369, 'images/avatarUtilisateurs/default.jpg'),
(247, 'KindheartedStep@gmail.com', 'NaturalPace', 'CriticalWheel', 'OvercookedThomas', 0x24327924313024626844696c384641623731366431567276704833777546635476786c6178786b5272656d4d30446e696773444d764a577745424375, 'images/avatarUtilisateurs/default.jpg'),
(248, 'EvenClient@gmail.com', 'BoringOpinion', 'AdeptConstruction', 'LimpingSignature', 0x24327924313024644d622e504c4f4c4e7a656d2e777357376a524f384f34572f79686e513072504634586a2e626871386c665a65634f4d7354686371, 'images/avatarUtilisateurs/default.jpg'),
(249, 'PleasingDecision@gmail.com', 'MushyFace', 'DistantWedding', 'EverlastingExpression', 0x243279243130244572535642744d74594f4a456930574d57784b47514f54445a557961673854703357486a7a6d7141706e386f416273655251457379, 'images/avatarUtilisateurs/default.jpg'),
(250, 'NauticalAlarm@gmail.com', 'MasculineBell', 'SilverIce', 'BurdensomeDrink', 0x2432792431302472696a7a54626f4754456b665170492e514f54792f756c654e3065536c706452664176486550575946765652734136437a37623261, 'images/avatarUtilisateurs/default.jpg'),
(251, 'CreepyOrder@gmail.com', 'PettyPsychology', 'UnselfishPromotion', 'SelfishEase', 0x243279243130246d696c356652646c676f772f476a59585756774c792e636c3133754972594e4b655771742f3832457a46684a2f74734e79366a3165, 'images/avatarUtilisateurs/default.jpg'),
(252, 'HeavyBank@gmail.com', 'CoarseArmy', 'MulticoloredMother', 'SpotlessRound', 0x2432792431302454327174662e647a5a68754b554a5a4262322e356f75703076776a734955684b304f3065756e5152423139504d5a4867744a376e32, 'images/avatarUtilisateurs/default.jpg'),
(253, 'ShamefulCurve@gmail.com', 'MeekUnion', 'WorthwhileAffect', 'HummingSquare', 0x243279243130244158667734646a59674f33367554347977426562362e6158374d412f4a5231424c4e6931724838715541396543715565656e512e4f, 'images/avatarUtilisateurs/default.jpg'),
(254, 'AdmiredFamily@gmail.com', 'AdvancedInterest', 'SuperDay', 'WealthyLaw', 0x243279243130246c786546445a433541746c527767684e42764c4d74657576317152476168436b356445715a4b732f544d6736516879616435423861, 'images/avatarUtilisateurs/default.jpg'),
(255, 'MagnificentJump@gmail.com', 'IdealisticWish', 'SuperbGrade', 'TruePart', 0x243279243130244a6e64647330486f3766422e396e4b386546434e2f657536706531716c4444316f4c584f6c787834457668434a65645a73536e4b65, 'images/avatarUtilisateurs/default.jpg'),
(256, 'CarelessRespect@gmail.com', 'SoggyRecord', 'IroncladShift', 'TotalPage', 0x24327924313024557048565250574a585179575336622f4a566a68396578334e306c733151557077476e33546963626656366367414d697635322e6d, 'images/avatarUtilisateurs/default.jpg'),
(257, 'SteepMan@gmail.com', 'RewardingReality', 'StylishTomorrow', 'OriginalMedia', 0x24327924313024795073504e4f4975705752464e74554642516a5a462e4c4b67536c2f6858566c4a50363934366c647854534b44554c4b6954573657, 'images/avatarUtilisateurs/default.jpg'),
(258, 'WelcomeCommon@gmail.com', 'HurtfulPeace', 'MurkyStretch', 'MurkyRepeat', 0x24327924313024646d57375666736b323961416f635a557a76514631756c7059696a4f2f787164545352346667506f632f31346643677a4144316461, 'images/avatarUtilisateurs/default.jpg'),
(259, 'SparseAnimal@gmail.com', 'PrivateSpeed', 'Big-heartedEat', 'EnormousOfficial', 0x243279243130244a50704b4d57355530567866786668796670307845656c6932745255506c687752664d424141687553447351764b6c5951764e7843, 'images/avatarUtilisateurs/default.jpg'),
(260, 'UnrulyOwner@gmail.com', 'UpsetDirection', 'BruisedCounty', 'PaltryOriginal', 0x2432792431302479313033734536554148772f677a466f624b7066594f427646746278395730344261452f5a755a56766562735978536552744f4c32, 'images/avatarUtilisateurs/default.jpg'),
(261, 'JauntyCoffee@gmail.com', 'MeatyMetal', 'ColorfulDrive', 'UltimateMeeting', 0x24327924313024576a566e6a65542f6377446654544c34624735307865543666634e394b42305555646b39683435344533492e6651384d4451557969, 'images/avatarUtilisateurs/default.jpg'),
(262, 'DisguisedUser@gmail.com', 'NeatStation', 'StableAnxiety', 'AmusedTitle', 0x24327924313024646f7a50726564597339314571562f67326a497179654f486e3632696b5a4352654c743556307070724231764c4f4b4a6b2e58452e, 'images/avatarUtilisateurs/default.jpg'),
(263, 'NastyWinner@gmail.com', 'BulkyTrick', 'DotingWonder', 'FemaleMusic', 0x243279243130242e49764835376a7a4c386d3953556b6e6956696e324f354d36767255396a4e49755a7663633670446e4b6b6543724a5a45764a6971, 'images/avatarUtilisateurs/default.jpg'),
(264, 'StraightEntertainment@gmail.com', 'QuirkyDistribution', 'Hard-to-findConcentrate', 'FearfulTurn', 0x243279243130242f2f7477336d55475a7a5255724a59642f476a6f33755856496c49776d616179524f2f3048336835654d74424b654275463964426d, 'images/avatarUtilisateurs/default.jpg'),
(265, 'MatureTalk@gmail.com', 'DeterminedTime', 'PrimePainting', 'ChillyBaseball', 0x243279243130246576743873357972465058337871495252564263786574346f79576d432e644946473441506b4f54557366437856676b324e56654f, 'images/avatarUtilisateurs/default.jpg'),
(266, 'IdioticConstruction@gmail.com', 'MeekSatisfaction', 'BarrenTool', 'HelplessUncle', 0x2432792431302447456b67473278326578796e433870445254674a412e64354e797033416265454c2f646e7a416f77732f5248436d447645522e686d, 'images/avatarUtilisateurs/default.jpg'),
(267, 'TrickyMap@gmail.com', 'CalculatingStudio', 'ContentEquivalent', 'SnoopyPresent', 0x2432792431302439742e47526f4d4853464c534538664a4f706270692e476d454e4b38656e796442536c6f6a4b71494a346133305169717842326a47, 'images/avatarUtilisateurs/default.jpg'),
(268, 'ShowyTeacher@gmail.com', 'ShyModel', 'DirtyTheory', 'DrearyScore', 0x243279243130243558446c70504e6f7464347364786778446343726f2e7964454f706a574c345154662e30682f6f2e4b53456b514c427950314b6371, 'images/avatarUtilisateurs/default.jpg'),
(269, 'ExperiencedGoal@gmail.com', 'PoliticalBrain', 'MinorSentence', 'SomberBike', 0x2432792431302468546150364f576830484c6a734f426a6c782f52524f7a646634466c5531306a4d4275523849394c6d48567048744d50735472496d, 'images/avatarUtilisateurs/default.jpg'),
(270, 'CraftyCounty@gmail.com', 'ScientificElection', 'SerpentineCurrency', 'ImperfectEvening', 0x2432792431302465545a5537446d5657337a50786855733753343237655277586d4f614a6458676b503263686f4d5a6d4842487973365642786f5353, 'images/avatarUtilisateurs/default.jpg'),
(271, 'DrearyScratch@gmail.com', 'GrayMood', 'IrritatingSpiritual', 'VibrantBear', 0x2432792431302439386f70574f5574533063433041644654547a3541654a55787738474c7a4f31336d396b4e316b316a524a6e463977497555706e65, 'images/avatarUtilisateurs/default.jpg'),
(272, 'GorgeousDuty@gmail.com', 'BrokenChicken', 'RingedTarget', 'PitifulMidnight', 0x243279243130246259314c626a76767732685774477958356d4368522e7538584630666f62534f666c6e30446c473975506f354854414c65426b7a65, 'images/avatarUtilisateurs/default.jpg'),
(273, 'PoliteTechnology@gmail.com', 'FuzzyTale', 'ConcernedWake', 'HelpfulHorse', 0x2432792431302454633969375a437854764651334b3733656a6b53472e306b4a7038714e4f57436d726e4448684558674c75566e79416a486b5a6d75, 'images/avatarUtilisateurs/default.jpg'),
(274, 'SickPower@gmail.com', 'SmoothSlice', 'GrippingGround', 'CornyMate', 0x243279243130244e4d7167564d53756a42313355363143554139344365754856693552377162345a436b4d647041413139557967417a673756356779, 'images/avatarUtilisateurs/default.jpg'),
(275, 'GroundedThing@gmail.com', 'DualProperty', 'AllBox', 'WorriedCut', 0x2432792431302479594b756a424a3771382e6f632f63624d533369664f4666674a4e4c737a414d62536145735070623144544a4a36314f4a4c497336, 'images/avatarUtilisateurs/default.jpg'),
(276, 'HeartfeltWorth@gmail.com', 'YearlySport', 'VigorousCalendar', 'ThankfulCream', 0x2432792431302446357267373562546f6a684a7a53774266695a466a657372593236484f53736c67686c57346b594d7577776f5876736968416f4f2e, 'images/avatarUtilisateurs/default.jpg'),
(277, 'AmpleTitle@gmail.com', 'WiltedSurgery', 'SlushyTrainer', 'EnormousSatisfaction', 0x2432792431302432716235504575643269354b31667479703331546f65426e41565933624c526e764d372f4952793954356e42396c70475441777871, 'images/avatarUtilisateurs/default.jpg'),
(278, 'FatalNurse@gmail.com', 'DentalPass', 'RowdyOven', 'MildHousing', 0x2432792431302446595975584b69696d7238396434464e653170524c653333614a3276577a6e3536526e4a4664352e675063415a67515257314f7957, 'images/avatarUtilisateurs/default.jpg'),
(279, 'AstonishingLesson@gmail.com', 'PoshPeople', 'ArtisticCommission', 'PeriodicPrice', 0x24327924313024334e385653726f6f334a32644a38665063307165574f2e784e583270552e6652554c486c4232446149344b555a456a6a6a57457143, 'images/avatarUtilisateurs/default.jpg'),
(280, 'RareBrother@gmail.com', 'AgonizingWatch', 'RawYesterday', 'YellowDoubt', 0x243279243130242e4938325363304361724c4d4a4e34666852596e54652f716b69664e514b3873794a5a786e5241367258332e382e3649596751512e, 'images/avatarUtilisateurs/default.jpg'),
(281, 'TinyIndividual@gmail.com', 'ImpeccableTough', 'UnsteadyChart', 'QuestionableStrip', 0x24327924313024617a4f4f33626930556c46705542656f584e5a6f382e392e774856463337375a796c425936696234522f685a4e63766e5a6173624b, 'images/avatarUtilisateurs/default.jpg'),
(282, 'ItchyPass@gmail.com', 'FlippantCommunication', 'GuiltyNorth', 'PoshCriticism', 0x24327924313024774d4763464a416f4a4d78572f437278777545724c754f742e424c6b6956464c646166464b44445a702f646f7a6963724530626f57, 'images/avatarUtilisateurs/default.jpg'),
(283, 'PointedInternational@gmail.com', 'CuddlyChampion', 'CrookedKing', 'UnrealisticEntry', 0x24327924313024504a6e7a2e4574706c52736551614b6835745036492e3747785a75755171543477333061754f682f756b575579345945496353774b, 'images/avatarUtilisateurs/default.jpg'),
(284, 'CumbersomeBowl@gmail.com', 'CoarseGround', 'QuaintCompany', 'TornSeries', 0x243279243130245a67743074416b6c3038483641344864414b432f584f3637315a50385362636f4a4478367959544d63696a32353254695436505432, 'images/avatarUtilisateurs/default.jpg'),
(285, 'BaggyDirector@gmail.com', 'HugeTennis', 'InternalFire', 'TubbyFeature', 0x243279243130246762645765376f58567a5766594e54727a44454742656f524f3243744833596d6f4c30692e636c3131535761594658766a30423653, 'images/avatarUtilisateurs/default.jpg'),
(286, 'UntrueExtension@gmail.com', 'MundanePainting', 'ResponsibleRock', 'AcclaimedPlayer', 0x2432792431302454375845324f4e43586c45675a4932785a5339526e75684758783653472f4471724944635750344e4e6c7938786a6f616f45417736, 'images/avatarUtilisateurs/default.jpg'),
(287, 'Well-informedIce@gmail.com', 'ProperCoach', 'JudiciousRecord', 'LightFunny', 0x24327924313024795150737566453953334c663078675162644b6349652e6e676a694e6e7a6c4b756365557a2e4b6c774a2f64777854536934776671, 'images/avatarUtilisateurs/default.jpg'),
(288, 'PossibleSink@gmail.com', 'AptDegree', 'GrandHour', 'Jam-packedBeach', 0x243279243130246b2e7133642e4c2e386e3774725632784e496d50654f78665348727179746d55504f6f4464396b365a4331767636613370457a7879, 'images/avatarUtilisateurs/default.jpg'),
(289, 'KlutzyWeek@gmail.com', 'FlashyGrandfather', 'SuperHome', 'WeepyFear', 0x243279243130244768392e397a59514b624c7050387371673450654e4f6e5531494e4f78764365575230565570423673345546386f34363358754c47, 'images/avatarUtilisateurs/default.jpg'),
(290, 'OutlyingBid@gmail.com', 'TrustingSkin', 'SoggyMeasurement', 'NeatShine', 0x243279243130244a5a787975564161626e757675384e484f686753646579564d42684b2e4c53776873574e64334d3746444e334a5479434a3972552e, 'images/avatarUtilisateurs/default.jpg'),
(291, 'UtterHunt@gmail.com', 'FittingGrade', 'HeartyBath', 'BurlyApartment', 0x2432792431302438544977425171757733496b614f4e7674684141594f4f593275495838753879347a77545445652f30506d6d334c75452f37337565, 'images/avatarUtilisateurs/default.jpg'),
(292, 'RudeEvidence@gmail.com', 'QuizzicalDinner', 'ElegantDocument', 'InfamousHell', 0x243279243130244d7870542f3443725a56564874396d77477442594b4f6b72396b727672316677324a46354b4b736750743555775271514165544957, 'images/avatarUtilisateurs/default.jpg'),
(293, 'StylishInvite@gmail.com', 'StarchySpot', 'AnnualWatch', 'QuizzicalNegative', 0x243279243130242f346d6f6b7132646d476f48465a3475687048735a75335956723957467061466276524973453652386176494a36716c6f436b4579, 'images/avatarUtilisateurs/default.jpg'),
(294, 'SteelCombine@gmail.com', 'IcyFear', 'QuintessentialMedia', 'LiquidConfusion', 0x243279243130247374472f4b75697844495743726869376e6e6934372e6648422f6468683742667535432f35374358306c4749656f46554d4a41332e, 'images/avatarUtilisateurs/default.jpg'),
(295, 'CloseFall@gmail.com', 'CulturedClick', 'AwfulPositive', 'IllegalDimension', 0x24327924313024326b334e2f317a4a7877715565697351695375474b65644950637a5952554935456152644f476e7a3768686b736d49694555596243, 'images/avatarUtilisateurs/default.jpg'),
(296, 'UnselfishSession@gmail.com', 'SpottedFormal', 'AnchoredConference', 'ProudCalm', 0x2432792431302435636143436c6454624f71323443494363715274594f79376d516c574866664c446835364d6570306d644e6447304b6e4172474461, 'images/avatarUtilisateurs/default.jpg'),
(297, 'JoyfulMission@gmail.com', 'ElectricEvidence', 'UnawarePay', 'FluidMouth', 0x24327924313024703232777a476c7162354553414c31634e6f64363175584849654b6a676d6e6537766d73436c5844356b4f31564e396e3772647a4f, 'images/avatarUtilisateurs/default.jpg'),
(298, 'LastWarning@gmail.com', 'SolidAnxiety', 'CuteConvert', 'EqualIncident', 0x243279243130246e5366593050514432523857315376334d72382f592e71734a6a6337455971393076425939736e6f44747a3172386e4b6138364c75, 'images/avatarUtilisateurs/default.jpg'),
(299, 'GrandCable@gmail.com', 'BountifulControl', 'LividSuspect', 'AlivePanic', 0x243279243130246e6a73524542654c6a526a4b476a622f686b4569632e327961626e5252442f3858766e6c664e6a714572473554504e45654f715432, 'images/avatarUtilisateurs/default.jpg'),
(300, 'PreciousCow@gmail.com', 'LateEmploy', 'MortifiedTurn', 'ShrillIllegal', 0x243279243130247349704142702e455832496b5a4e633247625274752e62705a6a2e394a4746654b79664e486c64453335384868712f734f79574c32, 'images/avatarUtilisateurs/default.jpg'),
(301, 'GrossDefinition@gmail.com', 'RelievedSuggestion', 'AmpleTrack', 'LameWar', 0x24327924313024696947764564654a654e5a4b7969454f4657482e672e383071417471477a555a55787572385748753376616f656c526c2f67573561, 'images/avatarUtilisateurs/default.jpg'),
(302, 'BruisedGlove@gmail.com', 'ExpertClient', 'Extra-largeNation', 'Quick-wittedAdvance', 0x243279243130246f42784e6a502f7549742f48716b693074636a674a75597063767561356a6964454c6e735967586f66304c78615333315050714565, 'images/avatarUtilisateurs/default.jpg'),
(303, 'TheseStuff@gmail.com', 'HarmfulUnderstanding', 'OptimalHoliday', 'SnarlingBone', 0x243279243130244f63752f424930547331466d585a555a693538714a65363753596d4e425a7a78662f686e6a697234766744316e392f356255346c65, 'images/avatarUtilisateurs/default.jpg'),
(304, 'SecondaryStay@gmail.com', 'FragrantThroat', 'CharmingPresent', 'NoxiousQuality', 0x243279243130243235712e496b33626861556d466542584b556a69702e4b7366734b4d4b746f6c716454492f686451674b446f59326a542e4e53322e, 'images/avatarUtilisateurs/default.jpg'),
(305, 'UnsungAssignment@gmail.com', 'ForthrightTown', 'IntrepidFill', 'PoisedReason', 0x24327924313024485775456d4f50666b446e41487a6f6f4c2e4c6537655131685071456e37586f5279496849376330504452574d4739516d6e4a3171, 'images/avatarUtilisateurs/default.jpg'),
(306, 'NewCandy@gmail.com', 'RegularMinimum', 'ContentDistance', 'StraightPosition', 0x24327924313024384b52694b35783470446e483132372f612f54784a2e344f34795131537839574751424c41544a394a446a41617143324b51497065, 'images/avatarUtilisateurs/default.jpg'),
(307, 'TautBlood@gmail.com', 'PungentMajor', 'GlumConvert', 'BronzeKick', 0x24327924313024416c6632435a525559314641444a536f5946326978756e63447963564763672e57516b66564143587034644770374777434f794536, 'images/avatarUtilisateurs/default.jpg'),
(308, 'DistortedRoll@gmail.com', 'FickleSatisfaction', 'EvenGather', 'InfatuatedResort', 0x243279243130247a646a64347249704349796c6e4e676347552e4b4265485a4134744374384633727761787a6d3169384e77513552672f4567365136, 'images/avatarUtilisateurs/default.jpg'),
(309, 'MundaneSport@gmail.com', 'DeafeningCar', 'CarefreeGreen', 'ModestCloset', 0x24327924313024704f757a69494545527565592f734670617268466a4f512f3833536e656538507937486653444970683031392e5a7a6c492e67764b, 'images/avatarUtilisateurs/default.jpg'),
(310, 'ElaborateWarning@gmail.com', 'TrivialArrival', 'PastComplaint', 'SereneDepartment', 0x243279243130244449555074307039737939335033496e7639304e512e69422f4d716f7453373132525034326244446c734177416b6441486e385a75, 'images/avatarUtilisateurs/default.jpg'),
(311, 'GlossyError@gmail.com', 'CheeryString', 'FrailKey', 'BaggyEmploy', 0x243279243130242e55635553486c51784c617032376132744c612f6b4f2f6f4e3058306e432e56676871683759554b32795339706565586b766f6d36, 'images/avatarUtilisateurs/default.jpg'),
(312, 'KindheartedBoot@gmail.com', 'DrabArmy', 'ImmaterialEnvironment', 'RosyJoint', 0x243279243130246d744f4a6e593874396c63376b64383766554567762e4f432e305a59505677332e756d78596b424778545a723056484a3875514d4b, 'images/avatarUtilisateurs/default.jpg'),
(313, 'EnormousDouble@gmail.com', 'Ill-fatedMom', 'StraightFight', 'UnevenPlatform', 0x24327924313024345a722f6863784a44486a347278357436472f50332e556c70365a576c424c2f6c4f2e695847787a4c71454e744a2e44496b482f53, 'images/avatarUtilisateurs/default.jpg'),
(314, 'DentalCrash@gmail.com', 'BlandFuture', 'DistinctTrade', 'LightheartedMother', 0x243279243130244f686f3566674f74544948552f564753545a556739757761566f4f44657062686d7462372e36547075534e3275494a35397a347936, 'images/avatarUtilisateurs/default.jpg'),
(315, 'TangibleNation@gmail.com', 'ZanyAnalyst', 'DearestMilk', 'DirectMagazine', 0x243279243130244f3554434a30665679352e594a304d6a77694f2f724f68556c417966795866717966624150384c7a7977434f5570494c3078387a43, 'images/avatarUtilisateurs/default.jpg'),
(316, 'HumongousAmbition@gmail.com', 'FlashyLie', 'InsistentPlate', 'DamagedLay', 0x243279243130245a365642457554712e7954386b7536472e656162487567784b566937727875426b784b794368457936626a4b5246774a715349754b, 'images/avatarUtilisateurs/default.jpg'),
(317, 'PowerfulExplanation@gmail.com', 'PoshYesterday', 'IlliterateEconomy', 'TrustworthyTale', 0x2432792431302470577472514130696542646e6d364669455678784e65397461494d4b69522e5750687937634441387a346958484d2f4b3039554f75, 'images/avatarUtilisateurs/default.jpg'),
(318, 'IckyRip@gmail.com', 'UnconsciousProcess', 'WhoppingClassroom', 'WetItem', 0x243279243130246d6846763561412f45696e79725148343059536e4e75416f4b76424a31446e58737773744d7673306c694c2f694651796964456c79, 'images/avatarUtilisateurs/default.jpg'),
(319, 'WhimsicalFill@gmail.com', 'JauntyStep', 'SplendidSing', 'UnfitHand', 0x2432792431302433583633664c6f324f4a386e77786b78452e63552e2e457069464e49555052326e58776b34326151503967484b687775346e433632, 'images/avatarUtilisateurs/default.jpg'),
(320, 'UnhappyEarth@gmail.com', 'QuaintPresident', 'ImpressionableOutcome', 'RingedResearch', 0x243279243130245a6b68435a6d694a5047356a634f74362e31324564652e77357574622f4d6454687639476a49476c6d704935636e426363344a6732, 'images/avatarUtilisateurs/default.jpg'),
(321, 'AgonizingExpression@gmail.com', 'HalfGuard', 'GiganticProperty', 'MonstrousDimension', 0x243279243130246b537a51616241524e335043376c52615875552f462e5332706155524835757276347332586e39354e79475065372f61556f557371, 'images/avatarUtilisateurs/default.jpg'),
(322, 'GrayYouth@gmail.com', 'DrearyFishing', 'GreedyWinner', 'FunctionalCollar', 0x243279243130246f764d79416e567137556f6e6e4f4b69497254494d4f784b466d2e346654375550734e2f623659763479387774664661594b364a6d, 'images/avatarUtilisateurs/default.jpg'),
(323, 'ParchedBrother@gmail.com', 'BelovedCookie', 'CruelFigure', 'ScratchyDivide', 0x24327924313024534a4345655468427243754455364d7935764673334f3371384e56506151444136574d515367662f5a5a646370355431725a495665, 'images/avatarUtilisateurs/default.jpg'),
(324, 'SnappyQuit@gmail.com', 'ConstantAction', 'HungryTrust', 'ShadyPersonal', 0x243279243130244367374878484a7174514c6978693230416e5a386c754156774e2e48525a4e2e59784436786a6d4f35642f554c2e4b4e564d366e79, 'images/avatarUtilisateurs/default.jpg'),
(325, 'AmbitiousConference@gmail.com', 'AfraidManner', 'CheapQuiet', 'PushyTransportation', 0x2432792431302475754a4c6454385868476169414e78656556547652657955504d7631737250356a2e3170306f417731332f682e6f30566554566379, 'images/avatarUtilisateurs/default.jpg'),
(326, 'OvercookedBeer@gmail.com', 'CircularScheme', 'IdleResearch', 'Self-reliantDebt', 0x243279243130243868795754374743417865425069374648494831392e6a783450376170476a2e624152704175527979377a447733664d68536e5736, 'images/avatarUtilisateurs/default.jpg'),
(327, 'UpsetChair@gmail.com', 'ImmenseCloset', 'FrighteningUniversity', 'SubstantialFruit', 0x2432792431302452326f4d5148442f5462326b6435554c64373655762e3948646b5066325735336b426735637256793674534845486e654973566836, 'images/avatarUtilisateurs/default.jpg'),
(328, 'FirmRound@gmail.com', 'TediousStop', 'HotClaim', 'FrequentSearch', 0x2432792431302442616965392e43767249564a544d326b51546965594f6c4b6a3442697a6c3771736a486c3834376a3931467a4b43684246734c6c36, 'images/avatarUtilisateurs/default.jpg'),
(329, 'HairySandwich@gmail.com', 'AcrobaticSensitive', 'KindPassion', 'CoordinatedNetwork', 0x243279243130246762304963446a42586d7268705763573039562f597558717a506a4742794378504232796878476e6a7041662f577859306743572e, 'images/avatarUtilisateurs/default.jpg'),
(330, 'OptimalFunction@gmail.com', 'UnevenFailure', 'PossibleTouch', 'UnusedBear', 0x2432792431302475464a6a35494f79657178333063515156747867332e55416e2e484853622f4c58533666585255525537434d4d35756d5a4b652e47, 'images/avatarUtilisateurs/default.jpg'),
(331, 'YellowBath@gmail.com', 'LargeNoise', 'MuddySign', 'FearlessShoot', 0x2432792431302473325568334a525854744d6970684455382e6f38376531656347425469654c4b65526a5951487444457163653779694a7171644b53, 'images/avatarUtilisateurs/default.jpg'),
(332, 'RowdyParticular@gmail.com', 'MajesticPercentage', 'StunningDesign', 'WeightyConsequence', 0x2432792431302435786d396f395a4b4b6e6341787430496d56744a364f4862456545344b685a6c69664a6456756a69686473526a5a6a66625a797161, 'images/avatarUtilisateurs/default.jpg'),
(333, 'GaseousHigh@gmail.com', 'HugeEstate', 'ExtraneousWhole', 'GentleAttention', 0x24327924313024654578506b78314535753031643449335055327a472e7a42433844336473515264326f2f67632f68515a3673667a355648726d764b, 'images/avatarUtilisateurs/default.jpg'),
(334, 'FrayedBoyfriend@gmail.com', 'PutridTom', 'DemandingRead', 'PoorDimension', 0x24327924313024674b5554457667786b6348414679327766784875384f6e57627236744756686f706150394473674431484845644f6a4c474b413365, 'images/avatarUtilisateurs/default.jpg'),
(335, 'GrubbyCat@gmail.com', 'HauntingSquare', 'GrossUncle', 'GentleAnger', 0x24327924313024364d5a6e546363495a72367a48695a773047527569754e4559724b2e476b32414771724d4f4d3679575a5643716e6661396f7a7543, 'images/avatarUtilisateurs/default.jpg'),
(336, 'CarelessWear@gmail.com', 'HorribleBowl', 'FlatLawyer', 'UnripeParking', 0x2432792431302449737a6c4e3161324d6934417579455331776a65362e583574443251757745682f6d43356c5743364c5a455668642e616b6d4b3269, 'images/avatarUtilisateurs/default.jpg'),
(337, 'GrimPsychology@gmail.com', 'ThornySalary', 'ZestyMind', 'AcclaimedTechnology', 0x2432792431302434424d55446e4a524d376e774e5532655761454b572e4662797646466548696332636e4a354f6d304434694e733877423244492e57, 'images/avatarUtilisateurs/default.jpg'),
(338, 'CoolFlight@gmail.com', 'DopeyQueen', 'PerkySlip', 'KnottyKind', 0x24327924313024733258746d5932416451434e473373767a2f6c51392e75396e51516c54475867624e3444496c55637374616f3545476b6d4b65684b, 'images/avatarUtilisateurs/default.jpg'),
(339, 'TrustyAttack@gmail.com', 'PartialLight', 'RelievedWinter', 'ShyLength', 0x243279243130244b695661592f49595178777650787357446e454b362e4e696e395a2e435777775a444c315044776374416475765857624a33352e61, 'images/avatarUtilisateurs/default.jpg'),
(340, 'HandmadeNecessary@gmail.com', 'WarlikeSupermarket', 'DiscretePull', 'OffensiveWoman', 0x243279243130246d754c59704f7851495a38345965475a34525246642e6e4b4c33636c4459724a567375494946424e7a71434e7a456a43716c43622e, 'images/avatarUtilisateurs/default.jpg'),
(341, 'NippyAppointment@gmail.com', 'HeavyMinor', 'LonelyGrab', 'PrizeStandard', 0x243279243130244b3645357770394e4750696b6a636a44395039666f4f493750414f37474664646544376c6c326d463376443043526d384567334f61, 'images/avatarUtilisateurs/default.jpg'),
(342, 'FelineSmile@gmail.com', 'DeepReaction', 'AdoredAir', 'HelpfulDistribution', 0x243279243130246d37426452704862463946754f796d53772e327a6f2e786c7139513456303436547761507453705a4b48473357325074592f735747, 'images/avatarUtilisateurs/default.jpg'),
(343, 'HomelyMajor@gmail.com', 'TheseCelebration', 'CooperativeGolf', 'VainSuggestion', 0x24327924313024755171727a485550483358384a4f454b646b726b552e67395071574253614a344d3341496e3877542e63727057522e672f42624447, 'images/avatarUtilisateurs/default.jpg'),
(344, 'NoisySurprise@gmail.com', 'AncientAction', 'TepidRelease', 'PriceyDisease', 0x24327924313024685a354474336749354451677942744e44386967322e415032414c2f687944524c6a446e387357756763547a567939326b5a456853, 'images/avatarUtilisateurs/default.jpg'),
(345, 'DiscreteTell@gmail.com', 'PointlessDistribution', 'DimRelation', 'StudiousSecret', 0x2432792431302436703950424246534f38496e726c4342525154456975795172784d4c63756b333633336b7454494e7475596f57366b36744d496c71, 'images/avatarUtilisateurs/default.jpg'),
(346, 'LoneGuest@gmail.com', 'FruitfulDrop', 'LeanQuiet', 'MisguidedMember', 0x24327924313024376a6d694e4379506d396d786b6b5964345072444165786d364b714530357348734d464a693553454e765637304379667058776371, 'images/avatarUtilisateurs/default.jpg'),
(347, 'NearAuthor@gmail.com', 'CurvyContribution', 'EachInvite', 'UnwrittenAlternative', 0x24327924313024754f4d4665382f37712e64762f6353613052754a4b654e57495841462e61474e44794f6e6b4d56317244356437696778474e376c65, 'images/avatarUtilisateurs/default.jpg'),
(348, 'GullibleEngine@gmail.com', 'WindyScore', 'WoefulProfit', 'FoolishHook', 0x24327924313024757166484f6c792f2e52334552576c69464e37564b653969652f39644d703563386c754d644a4558667466652e6e367262314f4a4b, 'images/avatarUtilisateurs/default.jpg'),
(349, 'EmbarrassedLeg@gmail.com', 'DaringSpirit', 'IndelibleGlove', 'Quick-wittedPlant', 0x24327924313024314f716f442e7a323956384c67622e436c6f5a4b544f466434754b4458313945627448573664696242456739615342545877776132, 'images/avatarUtilisateurs/default.jpg'),
(350, 'PunyMaterial@gmail.com', 'VoluminousGarage', 'IntentionalGive', 'BoldInsect', 0x243279243130242f336f5a49495530737a4a692e624c586a7a4335646538593464617663746633782e6c32615237694b6f3457454e76574b792e6657, 'images/avatarUtilisateurs/default.jpg'),
(351, 'OrangePin@gmail.com', 'PolishedFish', 'OverjoyedCommunication', 'KindLocal', 0x2432792431302454573258554f376e6856324a4776566252497957422e74424b43544a654b726f5453717562732f4d4c6d74494f5837374d74426365, 'images/avatarUtilisateurs/default.jpg'),
(352, 'RoundChip@gmail.com', 'SneakyEditor', 'GiddyAbility', 'DistortedView', 0x243279243130246b55334264736f796946434e4c5a6f7266664139364f2f426f2f72684948474c75384370376833303354514b59306e4f496e4d7375, 'images/avatarUtilisateurs/default.jpg'),
(353, 'WorriedScheme@gmail.com', 'LikableTruth', 'LinedSelection', 'ElasticSalad', 0x243279243130243349702f334b75355759587047526b37352f74534c4f71464e56557446396933544a61326d675a6c614c344a633830524a62584961, 'images/avatarUtilisateurs/default.jpg'),
(354, 'ForcefulBirthday@gmail.com', 'OverjoyedBite', 'Ill-informedWest', 'IdleGrade', 0x2432792431302434304a65772e5038786672714b6969626e386d4e592e685a4f324c6861544f59552e774d2e586e716f73476c634d572f6e36546d57, 'images/avatarUtilisateurs/default.jpg'),
(355, 'KnottyBlind@gmail.com', 'FearlessStandard', 'SoulfulLiterature', 'QuixoticJoint', 0x243279243130247465706c3333732e3369546b73555076473559676e6530466f6b46644c36393868684e6f2f7233534c77666c44574a757042416475, 'images/avatarUtilisateurs/default.jpg'),
(356, 'CelebratedGoal@gmail.com', 'TrimSink', 'WorstCopy', 'BoldKill', 0x2432792431302432334171545370455a6d476f75534d746451474f65754b346253746c6e79664c6f517348456b49484c737a4d337551664952344b57, 'images/avatarUtilisateurs/default.jpg'),
(357, 'UnsightlyBowl@gmail.com', 'MinorIce', 'UpbeatOpportunity', 'StunningMachine', 0x243279243130246f2f66593054744530396b334a6365414a74574d4e75734b6458445a6e556e7a557056345355306853624d535832796937386a5571, 'images/avatarUtilisateurs/default.jpg'),
(358, 'HuskyChurch@gmail.com', 'DopeyDark', 'StrongField', 'OverjoyedSort', 0x24327924313024513654387862557543357477485469484b6644685a75666e643168784863706775346635636a615242484c65384653394d3474764b, 'images/avatarUtilisateurs/default.jpg'),
(359, 'BogusRecognition@gmail.com', 'RingedSoup', 'GrippingBaby', 'SweetScience', 0x24327924313024594871507a676763676753364d4e6d574855564a5775546446464375747a695866784d6a59396b3873554a644371506c764b69384b, 'images/avatarUtilisateurs/default.jpg'),
(360, 'ShinyJoin@gmail.com', 'ElectricUnderstanding', 'ClearArticle', 'NegativeSoft', 0x24327924313024526942346c584c476e4d3564313565532e61732f534f35636c432f39616b7449626b58514637443274305641744278656e686b6265, 'images/avatarUtilisateurs/default.jpg'),
(361, 'RoughProfessional@gmail.com', 'FancySituation', 'CandidPolicy', 'TallBreak', 0x2432792431302461586a53766c3135783333793036345077674d48714f7a44724b2e4457373756784b684a7a444c385a67626f5638506175774e4b2e, 'images/avatarUtilisateurs/default.jpg'),
(362, 'ImpishDesire@gmail.com', 'LumberingChampion', 'GrownEnthusiasm', 'SuddenLie', 0x24327924313024576b724444784356504e4e6131616637317a67636f2e2e352e6e7776346456454a527738434778466d414f3757536b39476d4f6436, 'images/avatarUtilisateurs/default.jpg'),
(363, 'SphericalOpening@gmail.com', 'MeanTransition', 'SardonicDimension', 'RewardingPatient', 0x24327924313024374b616854352f6f706c645139566158412e7269664f5176486c50517a4230617a2f5a484f4e574f57584656685657573855496a4f, 'images/avatarUtilisateurs/default.jpg'),
(364, 'MammothCake@gmail.com', 'FamiliarPreparation', 'CavernousStep', 'PeskyAgent', 0x243279243130247050305144656e7964796f6564644c765871334c53657632494954304833357256396b71412f3950717a6171364c464b47314d6b6d, 'images/avatarUtilisateurs/default.jpg'),
(365, 'TotalDifference@gmail.com', 'ShinyTool', 'OutstandingSignal', 'SoftRelationship', 0x24327924313024734739316e49764f662e4c67455736786c566371562e304f6d664f43504b346b723367307861713477322e314243476a3744354b75, 'images/avatarUtilisateurs/default.jpg'),
(366, 'ImpishTell@gmail.com', 'AlarmingArt', 'AltruisticBeat', 'PointlessPen', 0x243279243130244e35796145636f4573586a4d4f2e636a704750316a4f714565667862666d65697279434453365543596a37326555335a74434f5869, 'images/avatarUtilisateurs/default.jpg'),
(367, 'MixedCommunication@gmail.com', 'NoteworthyChild', 'FatalProfile', 'MoistCraft', 0x243279243130247838684133616971426a386e4a41436e736f7757366578565075364f56726a6b3232623049436a666a4b41367645784f526a315679, 'images/avatarUtilisateurs/default.jpg'),
(368, 'AmazingRepresentative@gmail.com', 'AdmiredTrade', 'BowedDrunk', 'WickedGold', 0x243279243130244b7131564c556866574369532e6e43757059352f41655a6b392e59574f73613071746a54764a586b64554159326b57347565493171, 'images/avatarUtilisateurs/default.jpg'),
(369, 'AffectionateLink@gmail.com', 'ExpensiveTemporary', 'FlatControl', 'JuniorCover', 0x2432792431302458747344716e4d4f664d6b6b674c3730783373724b75584d6354586c45652f4a4a315a6b556848366865624347377a7747615a6343, 'images/avatarUtilisateurs/default.jpg'),
(370, 'EducatedBig@gmail.com', 'DistantServe', 'BubblyRepair', 'ScalyPresentation', 0x243279243130244e6e3673544c494133726b5365664d787667686d2e755144506153744158724a304e4743576231316d6e33553843633031636b5969, 'images/avatarUtilisateurs/default.jpg'),
(371, 'TheseBus@gmail.com', 'CourteousExcitement', 'SpiritedSecret', 'AnimatedEye', 0x243279243130246d427a6c436d4f773039424e635838644437504b5065712f5645747744464f30496f5047377371774e51396e47796b48777470562e, 'images/avatarUtilisateurs/default.jpg'),
(372, 'ExcitingPresent@gmail.com', 'LoneRevolution', 'IckyCatch', 'OblongCase', 0x243279243130243341572f694650584e5a2e75534b6531787174544a65714d65715949667a772e625375796a6f6e3851363736383542537769377769, 'images/avatarUtilisateurs/default.jpg'),
(373, 'VacantPoint@gmail.com', 'IdolizedSoil', 'VengefulFinish', 'ImpressionableMind', 0x24327924313024475447332e45726e354e33616964624232717363522e67324a553276566a512f4c4f492f3146454b5577354a6f463877654837706d, 'images/avatarUtilisateurs/default.jpg'),
(374, 'DoubleMain@gmail.com', 'NeglectedModel', 'QualifiedTalk', 'ImpureBranch', 0x243279243130243231704f57447059674a7655477669614e5251546a2e5a78694f374a57657a674f656279736763395a727a6f4e6f72685973452e53, 'images/avatarUtilisateurs/default.jpg'),
(375, 'UnconsciousNeck@gmail.com', 'CompetentFee', 'BouncyGarden', 'WryCrazy', 0x24327924313024685a5735434173384452545a7a4e4578516b6849546552472e71707a71757677546b70344445625a71524757526872337a44784e79, 'images/avatarUtilisateurs/default.jpg'),
(376, 'HarmlessSavings@gmail.com', 'PoliteTemporary', 'SpottedLand', 'BlandCapital', 0x24327924313024612f45495938396b48694a742f627249675a734b49654334584d433735347233455561674e7058494934736c4a6a31413336516365, 'images/avatarUtilisateurs/default.jpg'),
(377, 'FrailSite@gmail.com', 'NovelTraining', 'AttractiveLift', 'HumongousBrave', 0x24327924313024675733375473367051687772562e7a4934345a5455754f75394a57595a386c487a4b4f523771743865434b754b2e37673848413957, 'images/avatarUtilisateurs/default.jpg'),
(378, 'WarpedPot@gmail.com', 'HeavenlyAssist', 'SpryOption', 'SaltyLip', 0x243279243130245a633246477549692f49394a5765326576414757502e43622f3170557965754c624150737279616976634a444636612f6430674b69, 'images/avatarUtilisateurs/default.jpg'),
(379, 'CrowdedRemove@gmail.com', 'ShamefulPrice', 'GentleWood', 'ConstantRepair', 0x243279243130244e5534504c5a686f6d6e4a7a646761422e396c38382e373241307474636d684a4658466d77356f2f3147755259396a6e5537685253, 'images/avatarUtilisateurs/default.jpg'),
(380, 'CraftyPollution@gmail.com', 'ZigzagDrop', 'BasicJudgment', 'AcrobaticTale', 0x243279243130247735684a396d582f65544b576a636d587863346e4875614b41466c75794a662e6e5046746d415a6d30613949326c79337a73497432, 'images/avatarUtilisateurs/default.jpg'),
(381, 'EarnestSister@gmail.com', 'SuspiciousRow', 'AustereMother', 'EuphoricAnger', 0x24327924313024384b7976754e743852637053615951594b53532e5565306368583255392e4461684d65554533337934624c704f5a5165384b467365, 'images/avatarUtilisateurs/default.jpg'),
(382, 'WarmheartedInitial@gmail.com', 'OblongParty', 'IdealisticBroad', 'IntentMode', 0x243279243130242f62634f74366c714c594334313459554e4e424476653331556b7052524f686a374d4e533961596341713549515454766974477247, 'images/avatarUtilisateurs/default.jpg'),
(383, 'MintyPreparation@gmail.com', 'RespectfulCloset', 'Well-informedTongue', 'TrustworthyExamination', 0x2432792431302459557133534b73656a39726b615a6a73666630702f7541466868707a4f5a3259766261324330513373564f62417a616a6f42343853, 'images/avatarUtilisateurs/default.jpg'),
(384, 'CleanNotice@gmail.com', 'RareExchange', 'MortifiedButton', 'BitterThomas', 0x2432792431302442536b4a4f3745626c4f5a57546831586a745550704f5038494f2e6e71372f6643326f4b3850496866426e706c6b31474a452f4c65, 'images/avatarUtilisateurs/default.jpg'),
(385, 'UnhappyFunny@gmail.com', 'StripedCow', 'ScrawnyMemory', 'ExhaustedPop', 0x243279243130246963556145594f7964543430484a53657470336e426555745243343933617347727436534b482f562f2f676f726f636f7564734d65, 'images/avatarUtilisateurs/default.jpg'),
(386, 'MildEvening@gmail.com', 'OverjoyedPromise', 'DistortedCommittee', 'Long-termPrinciple', 0x24327924313024756c577549695668785471667878424b746d395758754e556d4d6f447a527a32375535314c33672e62356859506a33454f68656553, 'images/avatarUtilisateurs/default.jpg'),
(387, 'ForthrightTry@gmail.com', 'SubduedIllegal', 'JointKick', 'HilariousWave', 0x24327924313024334e35396530387676345a4c7650597764727a31576552626237414d5545324750543541614d4b584c51414c5a4a544456424f4b75, 'images/avatarUtilisateurs/default.jpg'),
(388, 'SuperbExcitement@gmail.com', 'Well-groomedReview', 'LumberingSecond', 'SpotlessReveal', 0x24327924313024563044714a2f74652f4246316a2f773032526c544d4f6c592f5a4471454433376f2f582f7a386448526e533059336b4359476c4a65, 'images/avatarUtilisateurs/default.jpg'),
(389, 'EmbellishedHook@gmail.com', 'SpicyClue', 'PoshRegret', 'ProbableConflict', 0x24327924313024737541434b4e41376571585a5566566e31683067714f6f73645367414267424f554c446c724e4e47663969354756547149622f2e69, 'images/avatarUtilisateurs/default.jpg'),
(390, 'TeemingElection@gmail.com', 'InsistentBreakfast', 'SatisfiedFemale', 'FaithfulBlock', 0x24327924313024686e6a2f4f662e534e2e354d6b4e68322e475546554f2f46496437384d2f77692f65445a69323339726977542f424a416a7a44576d, 'images/avatarUtilisateurs/default.jpg'),
(391, 'AwesomeFun@gmail.com', 'EveryDoctor', 'RevolvingChest', 'NarrowUnderstanding', 0x243279243130244f615a76684a4e3562566950692e7a59384e4a44312e495938724c326f68456851444c67492f367979667257424d31487975466e53, 'images/avatarUtilisateurs/default.jpg'),
(392, 'ElegantReading@gmail.com', 'HeartfeltSample', 'AchingCow', 'FeistyHusband', 0x243279243130246b71764c7644515447344a6d45595046676b6d3373754c4972574b5a514a755638795a4f74494f4c656a777578504e342e4a4f7461, 'images/avatarUtilisateurs/default.jpg'),
(393, 'LikableFeeling@gmail.com', 'PiercingOffer', 'ThatBrush', 'ThoseDelay', 0x2432792431302463646a58565436707679346642664c7274336e52622e2f6b6732386775494c326e306f756844633631543362326e7630476641454f, 'images/avatarUtilisateurs/default.jpg'),
(394, 'UnfinishedEmployee@gmail.com', 'WittySail', 'AlarmedBitter', 'AcceptablePressure', 0x24327924313024725432356556795a36726a5975516b6a57584c7246656758473532306f487a71366a4e4f44716d566365315a48306e4e6b6d794943, 'images/avatarUtilisateurs/default.jpg'),
(395, 'PrivateBoyfriend@gmail.com', 'SpitefulView', 'FrostySilver', 'DownrightWall', 0x24327924313024374a5751585966784a6b39576a6b3756764d5547417561724578767136793871636b7257392e4d4e636a4e6d364b7851434674484b, 'images/avatarUtilisateurs/default.jpg'),
(396, 'FunctionalWedding@gmail.com', 'EuphoricCandy', 'JollyCity', 'SoggyFat', 0x243279243130246e4564612e443249347974716f416f634c527237737533346832735956374877787070796f5856437869615147366a747730566979, 'images/avatarUtilisateurs/default.jpg'),
(397, 'ArtisticEmployee@gmail.com', 'ThirdTrade', 'PlasticMatter', 'EnchantingSpecific', 0x24327924313024442f2f722e424e5852733673727063532e5670314975634270784a34384f71753174494e70385744624253462e736c4a6256516979, 'images/avatarUtilisateurs/default.jpg'),
(398, 'DecisiveParking@gmail.com', 'BleakObject', 'TremendousPitch', 'DiscreteRelative', 0x243279243130244b527435304b784375512f67636b70374f395a3742652e55794a4848596570474a4c476b52412f7344497754614c77426932485143, 'images/avatarUtilisateurs/default.jpg'),
(399, 'GleamingDust@gmail.com', 'AnchoredHorse', 'IntrepidPossession', 'LoudActive', 0x243279243130245a31374645475234543542717a6b3933363937324f4f304e7a304b462e7449704b4c2e322e6969516366327042436d794a30616b36, 'images/avatarUtilisateurs/default.jpg'),
(400, 'LoathsomeLoad@gmail.com', 'DaringAttention', 'AgileNight', 'ImmediateMiss', 0x243279243130246948715545497875476b4176707241322f454d4378756d424649794c713354494e2f78755657726177694d574d5a706e6f6668754f, 'images/avatarUtilisateurs/default.jpg'),
(401, 'SuburbanInspector@gmail.com', 'KnottyGo', 'ShamefulAdvice', 'GruesomeWealth', 0x243279243130244b4d66756b74397a4d71575331362f6b774c4748686561787156516f724a5a545644424f3832723679525a4d4e364e617051355547, 'images/avatarUtilisateurs/default.jpg'),
(402, 'RelievedSystem@gmail.com', 'FirstAverage', 'UnlawfulTheory', 'SlushyPayment', 0x243279243130244c2f6859666e62412e5a516c706273784d504354364f54646a614c78424b544f6d4768446339774833756c567a433766314633534b, 'images/avatarUtilisateurs/default.jpg'),
(403, 'MiserlyAbroad@gmail.com', 'ShyNail', 'FrequentMistake', 'PunctualDoctor', 0x243279243130246379534d6d312f6d696f584745412f4f354165684e4f776d4c576c7143724b3476644545412e756a47387a764f2e624d3757365169, 'images/avatarUtilisateurs/default.jpg'),
(404, 'GrubbyGolf@gmail.com', 'MerryRow', 'FluffyBorder', 'WorthyFinal', 0x243279243130245835303949336c33553539695172393448624a7a2e655036516a78494e666a334476544a5a6976776c71487651316a2e68456e3036, 'images/avatarUtilisateurs/default.jpg'),
(405, 'JuniorSection@gmail.com', 'OblongRide', 'BareBreast', 'VictoriousProposal', 0x24327924313024434b6e6c2f4a5335346e76685830614d67576a424b4f4f703835524430497a61385835473934337131785a306747706350757a7365, 'images/avatarUtilisateurs/default.jpg'),
(406, 'GlumGuidance@gmail.com', 'SourCarpet', 'AnimatedUse', 'GeneralCheck', 0x2432792431302478746c7554474a2e583338766a695a74436c4457662e55485675355170614d4d7362357646535855686777365667697668646a4771, 'images/avatarUtilisateurs/default.jpg'),
(407, 'WaterloggedReading@gmail.com', 'ExhaustedSleep', 'SadEducation', 'FussyAttitude', 0x243279243130246a737434637351694635456877563755523849567a7576566767676f31614a7349455056564e4f76595873774f5442763759334869, 'images/avatarUtilisateurs/default.jpg'),
(408, 'DearestClassic@gmail.com', 'DualFile', 'OtherTemperature', 'RightApplication', 0x243279243130245a4f38615a5968656f4c6a45696b472f77485a62522e67635077574f442e6861446341624f785235436549414e5859352e2e6b6371, 'images/avatarUtilisateurs/default.jpg'),
(409, 'AgonizingPosition@gmail.com', 'BitterBlank', 'ImmaculateEnvironment', 'BlushingAssociate', 0x24327924313024624d4953507072734c664e62636b5433726a5a335a2e50676e6b314170765574595473564e566470594137624e556e45583075534b, 'images/avatarUtilisateurs/default.jpg'),
(410, 'PunctualPhysical@gmail.com', 'ImpureAddress', 'LeanDead', 'SimplisticChild', 0x24327924313024684861343357335652545477344a4d597879542e77756e6b6a726270776b37386b446b365142777334545136366144774835626132, 'images/avatarUtilisateurs/default.jpg'),
(411, 'BreakableConference@gmail.com', 'WornShelter', 'PeacefulBenefit', 'AdorableSkirt', 0x2432792431302450496d57365067444e57464e6448564f5254575a4e2e47776d4c456d76495241516669664c434b62332e7a3656716f3059734f7247, 'images/avatarUtilisateurs/default.jpg'),
(412, 'SuspiciousFemale@gmail.com', 'HeartyShip', 'Old-fashionedMilk', 'ImmediateMixture', 0x243279243130244e694e494d2e474c497a414a52316d357546305974754562437a44442f7038644f446f634f6f66505046513555645a49634d31486d, 'images/avatarUtilisateurs/default.jpg'),
(413, 'SympatheticStretch@gmail.com', 'UltimateMenu', 'SubtleAbroad', 'SlimMinute', 0x24327924313024412e554e4d614335314c4d3943644a6936794d373465534a5862767a5a67766e38566c2f5532716764613733777779587872426232, 'images/avatarUtilisateurs/default.jpg'),
(414, 'NeatOrder@gmail.com', 'ThornyPolicy', 'EvilConsequence', 'FrostyEye', 0x24327924313024456c6b6d6e424a3777554d7a58565a596969374956655652655734364e2f53616a73693732624649652e3567586535384a59634871, 'images/avatarUtilisateurs/default.jpg'),
(415, 'RowdyCollection@gmail.com', 'ThriftyAttention', 'PreviousFreedom', 'SomeFunny', 0x24327924313024784a623970347664555061752f33416c372e5564634f3879524a74592e6c64776f7a6270754e51624141516561456f703262454a43, 'images/avatarUtilisateurs/default.jpg'),
(416, 'LowTry@gmail.com', 'LuxuriousDevil', 'PricklyAnimal', 'Short-termCry', 0x24327924313024742f727a4954495a464b5169343476534c684c7150656533694a2f67523337752e4544523368443852386467356169427249324f79, 'images/avatarUtilisateurs/default.jpg'),
(417, 'NiftyRace@gmail.com', 'BouncyTension', 'VacantInvestment', 'HumbleConcert', 0x2432792431302433545a33666b65336e3158315457656f6e4976676575727466557a56754a5a416e51614132702f6e4c4230344e2f7a6e5446445469, 'images/avatarUtilisateurs/default.jpg'),
(418, 'NoisyBalance@gmail.com', 'RottenLayer', 'EmotionalIllegal', 'AdorableLady', 0x243279243130246b555732415545644848796a323539566a344a6d434f39356555764e4b7757567738654d7656592f367772466f4d70765579757a2e, 'images/avatarUtilisateurs/default.jpg'),
(419, 'SomberSpell@gmail.com', 'KnowledgeableBirth', 'FlimsyRent', 'GeneralSignificance', 0x243279243130245236756a473447326c767247735465594437527433656549424e506b447066464a4638766d4c78614e55512e654a45626950463875, 'images/avatarUtilisateurs/default.jpg'),
(420, 'FortunateDisplay@gmail.com', 'AuthenticOpposite', 'FatalInstance', 'IncredibleSmile', 0x2432792431302458582e426e49627a556e6a41716946645949312e544f6f314f4b44616a5468784e3766306e66735a31342f4f385650414957646132, 'images/avatarUtilisateurs/default.jpg'),
(421, 'IncomparableHole@gmail.com', 'UnfitStranger', 'AlarmedQuiet', 'HandmadeSuspect', 0x243279243130246d5a6256722e30636d54654b58742f3272596a66644f344831474849423077726e6c764a503864324e73703976716f574265565136, 'images/avatarUtilisateurs/default.jpg'),
(422, 'InstructiveBedroom@gmail.com', 'WorstTrack', 'SwelteringBunch', 'HatefulProcess', 0x243279243130243444554c4e306976597838624e6849674e74504e562e4a3875706d34416354346a47516c586d654e6c496961784e4f723575504a53, 'images/avatarUtilisateurs/default.jpg'),
(423, 'BowedSpread@gmail.com', 'JoyfulFight', 'RubberyTune', 'StaleInitial', 0x24327924313024395368727154666c687a754c4f685154635647697a75346b71303274613635476f557050795762762f4e506658563158424b775a61, 'images/avatarUtilisateurs/default.jpg'),
(424, 'PreciousChapter@gmail.com', 'DimwittedSleep', 'AmbitiousPiece', 'ForthrightCloud', 0x24327924313024336c6f4b6d69616a4171486a5331744d68704d6d57656c4f38625a5248726d6c7049642f3170736d6c485477633562776231306679, 'images/avatarUtilisateurs/default.jpg'),
(425, 'AdvancedBuyer@gmail.com', 'RubberySatisfaction', 'YellowishThing', 'Well-litPenalty', 0x24327924313024386b6d515971766c7a694549742f364675334f562e65746f38656e346f78367a39473279643878537a6a61516c5257617043547036, 'images/avatarUtilisateurs/default.jpg'),
(426, 'LargeFoot@gmail.com', 'FullMoney', 'JumboRevolution', 'FlickeringShape', 0x243279243130246a532e2f756c6d6142537872766c4d7131753573584f626d364231705263797a424f3239374a5a466464442f5235335070316a7661, 'images/avatarUtilisateurs/default.jpg'),
(427, 'DearHour@gmail.com', 'SleepyMode', 'ConstantChicken', 'LeanSource', 0x24327924313024343956504547384c5636754c4c2f694d6f653043354f7742777342656f413771637772334a4f6c766e77304b68764b714534663257, 'images/avatarUtilisateurs/default.jpg'),
(428, 'BronzeWeekend@gmail.com', 'AutomaticSpace', 'RichSignature', 'AffectionateSomewhere', 0x243279243130246b4a7a61776d596845373874474a597569513930664f5371414d3354476b734c7a494e566666365a2f774d334344736e487a774a79, 'images/avatarUtilisateurs/default.jpg'),
(429, 'OilyGood@gmail.com', 'WhiteCurrent', 'QuirkySlide', 'StraightHook', 0x243279243130245243435067492e4c4d3546776f6d754656477750344f34642e47426630643763376a317848514b63612e6572514f45544870754765, 'images/avatarUtilisateurs/default.jpg'),
(430, 'SameVideo@gmail.com', 'AdventurousInformation', 'AromaticLayer', 'HumongousWear', 0x2432792431302462556c6d304d5772736c57645030414944574e784c4f5355736c566e5369503449492e5642365061506f4f303052495564736e4c61, 'images/avatarUtilisateurs/default.jpg'),
(431, 'SeveralEvening@gmail.com', 'FabulousTackle', 'NegativeMaintenance', 'AcrobaticSnow', 0x243279243130245367794575456c4a7a38517974564e3845684f44324f63396858745855624d356a5a5937302f4e7744722e4f4c7032796d51324d57, 'images/avatarUtilisateurs/default.jpg'),
(432, 'OptimisticSize@gmail.com', 'SuddenEmployment', 'DazzlingFan', 'SuperficialReality', 0x243279243130247645524f756f6a5972595a335a33356354473556312e6c466a50324c626159514b486e634c4247634132786a51495a516a41494e32, 'images/avatarUtilisateurs/default.jpg'),
(433, 'WarlikeGuard@gmail.com', 'EllipticalGrass', 'PotableFoot', 'QuixoticScript', 0x24327924313024765639376d716d727a2f686e6a312f7178415041484f357651592f624b444a596350664b714374526845626a3636573135396d522e, 'images/avatarUtilisateurs/default.jpg'),
(434, 'NotedMouse@gmail.com', 'MilkyFloor', 'QuickHeart', 'FoolishSuccess', 0x2432792431302453656664585a51384b4e61754b70556e7a613163544f393042766162766a416c51494c684d6251766c59514f372e6776765048384f, 'images/avatarUtilisateurs/default.jpg'),
(435, 'AwkwardStation@gmail.com', 'SkinnyDream', 'MarvelousAttempt', 'PrizeRate', 0x243279243130246f56687650613737744a493466557741335542542f65507a6b356651386d465a2f38633877524c61473644465332784443376b352e, 'images/avatarUtilisateurs/default.jpg');
INSERT INTO `user` (`id`, `mail`, `first_name`, `last_name`, `username`, `password`, `avatar`) VALUES
(436, 'AdolescentWhite@gmail.com', 'ElasticSandwich', 'UnawareEntertainment', 'EssentialChemistry', 0x243279243130244279646850536863396545793268696846434f6f6b4f3131593370616d787338674b306879724d4c7770656d5670562f6674716d6d, 'images/avatarUtilisateurs/default.jpg'),
(437, 'SaltyWood@gmail.com', 'SparseFly', 'MildSandwich', 'IntentionalWorth', 0x243279243130243449786442743357412e654d756e4d6e6372337a68653266517561704d59726730482f644f646a6e3848416e367566395a4876306d, 'images/avatarUtilisateurs/default.jpg'),
(438, 'SuddenEngineering@gmail.com', 'HumongousWinter', 'WobblyRide', 'ElaboratePhoto', 0x24327924313024654835754b6e654278714733505165725075655158652e55764e2f415978343330634a63336e4d45314e38586a6f623348794a6847, 'images/avatarUtilisateurs/default.jpg'),
(439, 'DarkPriority@gmail.com', 'RundownImplement', 'UtilizedActivity', 'ElegantJoin', 0x24327924313024586c376379454d4d2e563470627063413664446d454f6e4852646c4a337061572f7954752e687138434f5a7471542f376f796e4a69, 'images/avatarUtilisateurs/default.jpg'),
(440, 'DiligentCry@gmail.com', 'GlitteringSon', 'UpsetTerm', 'KeenBone', 0x243279243130244d7851656a696835654d325a504742762f506d42364f5256764334596838674d482f46704c33642e44656d654d45414d427a726a57, 'images/avatarUtilisateurs/default.jpg'),
(441, 'GrizzledLock@gmail.com', 'ColorfulLook', 'PaleBus', 'SilkySteal', 0x243279243130245551554a6636456c364b65583466666a6c7a765a632e6b3366536e373742397353554b4636394b4362347a474535324b567a536671, 'images/avatarUtilisateurs/default.jpg'),
(442, 'SerpentineDistrict@gmail.com', 'FriendlyOriginal', 'RustyBuy', 'DearIntention', 0x24327924313024376d703577504d6e4a6a526c706169556c476435514f76435054446e55427958526e7075464641676e416736364d6975514d4c424b, 'images/avatarUtilisateurs/default.jpg'),
(443, 'CrookedFoot@gmail.com', 'WildDetail', 'InstructiveSubstance', 'NumbShock', 0x243279243130246f686d7970795130737050567548334d502f2e5a7265414e4c46312f755843384353384a6f70697959746477547a4e664245706636, 'images/avatarUtilisateurs/default.jpg'),
(444, 'TallDeath@gmail.com', 'BowedPlace', 'EarlyDeep', 'AdolescentCompany', 0x2432792431302468426f7a664c69435a6d424b4a784c3636454d6a70757954435366416e58425144342e68484c53586f757a442e714b426270595571, 'images/avatarUtilisateurs/default.jpg'),
(445, 'TiredBid@gmail.com', 'DimwittedTea', 'GrowlingOutcome', 'AdventurousDebt', 0x24327924313024636e7639506d5474394e5243577248487a4c4163322e6d68417958696b4f5375732f4259514578546b4e7078334f564137477a3371, 'images/avatarUtilisateurs/default.jpg'),
(446, 'UnderstatedFootball@gmail.com', 'UpbeatCourse', 'Short-termEngineer', 'RemorsefulAttitude', 0x2432792431302444336b3054375741617842314c503161396162696b756c4952325778653555544839495848453150777851422f6c4e437438484c53, 'images/avatarUtilisateurs/default.jpg'),
(447, 'CreamyWake@gmail.com', 'SympatheticCoach', 'WeepyBook', 'ThirstyProcedure', 0x243279243130244235485068314f576b433167586e314c4f396a4266754549717474594365475946746939514e78726d3430422f597067386c70774b, 'images/avatarUtilisateurs/default.jpg'),
(448, 'OblongHeart@gmail.com', 'FilthyWar', 'KnobbyProcedure', 'FavorableManagement', 0x24327924313024516c384a5936464f735a5872763971734e5a6c6f4f657646654477716d33535967573079736678377a5676593549427a62626b5969, 'images/avatarUtilisateurs/default.jpg'),
(449, 'RockyCopy@gmail.com', 'EarnestBaby', 'StainedChair', 'FickleAttempt', 0x24327924313024726c755867596c2f4a5936553536704244694d7835756962554679574c4e68502e6949344f4a7433527a5675564567447a5969552e, 'images/avatarUtilisateurs/default.jpg'),
(450, 'OptimisticDevice@gmail.com', 'PolitePrompt', 'LatePen', 'PungentNewspaper', 0x243279243130244c546d3161543175675a4d543177694b56675448492e504d50354d2f4843754a634e2e722e7230447a746e69666e4a486174445279, 'images/avatarUtilisateurs/default.jpg'),
(451, 'AdolescentEscape@gmail.com', 'AncientResource', 'ParallelAct', 'SevereChocolate', 0x243279243130244d31562f444f77704b6546645063506d4933714b687561304761676749727a6c3331442f4f5a634b415759585a614a4d7368463647, 'images/avatarUtilisateurs/default.jpg'),
(452, 'SuperiorRelative@gmail.com', 'FairSea', 'Well-to-doGuard', 'ImperturbableChapter', 0x24327924313024777139355441304b41644e7765774e5754376c72617534307a46762e644b647969496f5a3059526a706c44354c5551497869757865, 'images/avatarUtilisateurs/default.jpg'),
(453, 'PartialHeat@gmail.com', 'FilthyShake', 'PossibleCover', 'BeneficialWash', 0x243279243130245a6957646d42323138796a61622e596d4446344d4b2e767777484a5551497079535869354b2f79546a30787766454e39524b785243, 'images/avatarUtilisateurs/default.jpg'),
(454, 'MajesticCook@gmail.com', 'PhysicalClub', 'IdealCheek', 'DismalIssue', 0x24327924313024386e2f435a397367436242686b6e6269502e4a4a7275585a794a68566670734a63423754734d396834704834525076584947684c47, 'images/avatarUtilisateurs/default.jpg'),
(455, 'IncomparableConcentrate@gmail.com', 'ElderlyChannel', 'OriginalEnthusiasm', 'WideMother', 0x24327924313024777236786a4e4478536b2f6f67456545656b677050754d48545a6272786f6975556258642f61326d63446848566d36634f74647353, 'images/avatarUtilisateurs/default.jpg'),
(456, 'WryPhilosophy@gmail.com', 'DistantHang', 'VitalCover', 'QuietFinish', 0x24327924313024496d747961596979315a734e48334d4d422f6d45514f417371687944686f384e7632754d2e4d7936746d5945387166385142644232, 'images/avatarUtilisateurs/default.jpg'),
(457, 'FavoriteRun@gmail.com', 'WarlikeBlood', 'BogusWrap', 'PlaintiveEconomics', 0x243279243130246f54625a434a704277356f4b4971357345386c754a4f3758697153542f79304d6145556e2f4a682e6b336656482e3877465754366d, 'images/avatarUtilisateurs/default.jpg'),
(458, 'UnevenPool@gmail.com', 'FelineBrown', 'GrippingSession', 'BelatedPosition', 0x2432792431302446477471764d2e373169424b3536337649444b5955756f4f6f47736c56354a43414144584b6f41636e30694168443664324b767961, 'images/avatarUtilisateurs/default.jpg'),
(459, 'ZealousNight@gmail.com', 'HandmadeSon', 'MurkyVehicle', 'FoolishEast', 0x24327924313024657a4c6a71615252724166327a6175384b70344872756e41517a6773567855714c566e657a7247774542554257514e6650736f3047, 'images/avatarUtilisateurs/default.jpg'),
(460, 'SturdyDesk@gmail.com', 'UncomfortableSize', 'InbornFuneral', 'GlamorousCake', 0x243279243130247a647631373144503658664c35377a6c516f7641534f754c5339332f413654545541357749544555713145384435372f3858687871, 'images/avatarUtilisateurs/default.jpg'),
(461, 'EnergeticEgg@gmail.com', 'OblongSandwich', 'MurkySuck', 'TenderAverage', 0x24327924313024474b71566e585832466d4172626558753766434f514f4a387166376655524331796373593466435a4f51336f637453333238514a43, 'images/avatarUtilisateurs/default.jpg'),
(462, 'BlissfulRelative@gmail.com', 'PotableNetwork', 'KindheartedCream', 'PrudentAccount', 0x24327924313024774b396357504378396a4c5a713369647a653764522e5372754b783246755a337436526a5666565436582e6e4c4e6d413334626379, 'images/avatarUtilisateurs/default.jpg'),
(463, 'ConventionalRecognition@gmail.com', 'Easy-goingItem', 'PaleLesson', 'BlackHire', 0x243279243130246b6a71795a747333574c343468534f66676b7742777552612f3535564945557a427679475254524a4c6d44523869644d4650394369, 'images/avatarUtilisateurs/default.jpg'),
(464, 'SubduedSide@gmail.com', 'IckyClassroom', 'ShoddyProfile', 'GrippingContact', 0x243279243130244846574b6b66436a70714b415769656b30525a6c5065705a7072725639624b41594e6b6759456c37365947496359644f527a47454f, 'images/avatarUtilisateurs/default.jpg'),
(465, 'VerifiableSignature@gmail.com', 'OutstandingSail', 'AdeptFriendship', 'VillainousAward', 0x24327924313024726c4b7a4141564b2e61364a4756776b4a46424545755669734745656e61422e6f6f4b4175466e43724b5548657934577963434c79, 'images/avatarUtilisateurs/default.jpg'),
(466, 'MemorableAttention@gmail.com', 'FavoriteDocument', 'ElectricWest', 'CuteTaste', 0x243279243130247038344e54564871784e576f376132485a33774a2e654c45592f714c38557267703052386168427531774239763870576c39356a75, 'images/avatarUtilisateurs/default.jpg'),
(467, 'GleamingCommon@gmail.com', 'PaltryCommon', 'YouthfulPainting', 'ImpressiveBlue', 0x243279243130244d646e49304b636a79473951574f37716c4d764a382e6270504b7870316f4e56444f4f48594345377a364a30517869547444356853, 'images/avatarUtilisateurs/default.jpg'),
(468, 'CriminalMuscle@gmail.com', 'PrivateBank', 'TrustyCode', 'CircularMidnight', 0x2432792431302444716179574a3231756d714f7849552f736e4267537551684d7655796f315a6a4f2e4d38787a546461676a4c427968495039534a65, 'images/avatarUtilisateurs/default.jpg'),
(469, 'WaterloggedHell@gmail.com', 'VivaciousTable', 'VeneratedSociety', 'DeadlyPass', 0x2432792431302438506f5375425a51483238724a6a4847782e7042392e576f5432486b63414f334e5677504a6e6a48417a53464e4a4a6f516259644f, 'images/avatarUtilisateurs/default.jpg'),
(470, 'GiftedBrown@gmail.com', 'LittleBoot', 'BustlingStuff', 'PhonyWood', 0x2432792431302461683879372e374769766868452e57437964304668754477665033693166696e6c533752504c6750564f4e5958694a41304432494f, 'images/avatarUtilisateurs/default.jpg'),
(471, 'Second-handBird@gmail.com', 'HospitablePush', 'ElegantCommercial', 'TenderTeacher', 0x2432792431302454457a4b536c533061524b4a2f2f534c334e5676506577564669665752786465732f7677715953566e6970535644366b676a774e75, 'images/avatarUtilisateurs/default.jpg'),
(472, 'EntireStory@gmail.com', 'Well-documentedBottle', 'MasculineDriver', 'BigTrash', 0x243279243130244e4f5854677a44696c78646e6e64447363584c354e4f45337a4c5743324467614f644d7766385070435a372f634237774139304753, 'images/avatarUtilisateurs/default.jpg'),
(473, 'FarawayMix@gmail.com', 'SleepyFlower', 'SympatheticLake', 'GreenRevolution', 0x24327924313024506e513552594d4c30586b796f6d6f7175366161732e7a4b476c705a665353557463725677574374457631716f454e415156785475, 'images/avatarUtilisateurs/default.jpg'),
(474, 'ResponsibleButton@gmail.com', 'FlusteredLesson', 'AwfulDream', 'DualDouble', 0x2432792431302433306734324f622f77483650376348556d777966774f543851715141382e4668634a5251386e51346c364e33484a66693045726c57, 'images/avatarUtilisateurs/default.jpg'),
(475, 'KindheartedRace@gmail.com', 'AllFarm', 'PettyPractice', 'DeterminedTotal', 0x243279243130246b3661582e4d6650732e3748666b536c6d6a3658536532495466524a78496d35796e7a36324849514d75455a673370627054715975, 'images/avatarUtilisateurs/default.jpg'),
(476, 'WeirdCulture@gmail.com', 'HungryChicken', 'InformalReport', 'CarelessGuidance', 0x2432792431302439514a4d58794c6a2f38354c74697a7178564776664f514f6672564e3546436e695a664649774c3074716d2e6c3935576744383236, 'images/avatarUtilisateurs/default.jpg'),
(477, 'MulticoloredTax@gmail.com', 'BusyType', 'GlumDiscussion', 'TriflingHell', 0x2432792431302479396c317078304e656f5030745a3369377474757675626e3971366c4d5749364a557a5152424e776c32664a726a59546c32344f4f, 'images/avatarUtilisateurs/default.jpg'),
(478, 'EveryFloor@gmail.com', 'HarmfulPreparation', 'InnocentQuality', 'DefenselessImpression', 0x2432792431302458653353387472432f4179754133744b5838575a4875745878316b76387a675031785074734d4e786e4c2f5274785a38566e567a4b, 'images/avatarUtilisateurs/default.jpg'),
(479, 'OnlyDust@gmail.com', 'EnlightenedLow', 'IncomparablePlastic', 'SparklingNeat', 0x2432792431302476346c30726347685a534d485353633031474c2e75654d506e72664f4266743232634c6364512e67366f705438576f326f70473865, 'images/avatarUtilisateurs/default.jpg'),
(480, 'VastCompany@gmail.com', 'UnwieldyStrain', 'LimpingEfficiency', 'WittyMaintenance', 0x243279243130247450543453552e486d55706b534c57702f59582e4b75343177775375677631687a714543684a6c79305952795642594e38466b696d, 'images/avatarUtilisateurs/default.jpg'),
(481, 'RigidExternal@gmail.com', 'PoliticalWindow', 'TidyChurch', 'RewardingAnalyst', 0x2432792431302476537a76476e4f33656e347578372f2e56744f754a6567626939357a7950506c4a736f4b45533461505051354a65566176705a372e, 'images/avatarUtilisateurs/default.jpg'),
(482, 'ExcitingJuice@gmail.com', 'RawImpact', 'AppropriateWorking', 'SpanishCurve', 0x2432792431302435496978514e3170756c65703634326865624932552e6d4830426f66696c346a5738774337424d7061676d7146707264454c2e304b, 'images/avatarUtilisateurs/default.jpg'),
(483, 'CelebratedCounter@gmail.com', 'SadCounter', 'DraftyDish', 'StandardFault', 0x24327924313024312e6261335448347136356f6d476e447373576d53756d775642625452636532762f433048395a627a7559336a6c32634554594879, 'images/avatarUtilisateurs/default.jpg'),
(484, 'ShallowEnergy@gmail.com', 'StingyGrandfather', 'GraveRecommendation', 'DesertedChallenge', 0x2432792431302474726b425939636871444f6f444a4e6d782f62326e75716458534a4f7a475a6f392f6c7538564b4e365a767a385775396c2e506479, 'images/avatarUtilisateurs/default.jpg'),
(485, 'CulturedPersonal@gmail.com', 'PeacefulRent', 'HuskyDistrict', 'FlusteredRespect', 0x243279243130244b684172356f705067466a78632f4b62466e397a354f637a6c35737379375a4c77434f7a496a674834756a4d6c667961684f456253, 'images/avatarUtilisateurs/default.jpg'),
(486, 'ShabbySource@gmail.com', 'ExpertSimple', 'HarshSympathy', 'WideStart', 0x243279243130247470436e444a5a36476b37486e7450694f647158444f717844545272776f536c704a34584c79664a312e74615a6871526758724f61, 'images/avatarUtilisateurs/default.jpg'),
(487, 'KnownReason@gmail.com', 'SkeletalSilver', 'KeyLeadership', 'HurtfulHouse', 0x243279243130246a445935725a314272494d5066555644795571594f2e73364b2f4a7a44317a4d32636d6c4b4a4e5145303765382e37707337636769, 'images/avatarUtilisateurs/default.jpg'),
(488, 'AnyBig@gmail.com', 'DefiantClub', 'EqualTill', 'LostIssue', 0x24327924313024724c7932514a6e7058432f596d516b4d77414c6a51654259576154326c7a4a43614b52456b766c595a594a6c62336f50577849772e, 'images/avatarUtilisateurs/default.jpg'),
(489, 'PunctualSpecial@gmail.com', 'WelcomeDegree', 'BustlingRepublic', 'PepperyBuyer', 0x24327924313024565339513435633855486873764f723064446344487569705267334b58704373443266507231647a5765597046526871424a4a5165, 'images/avatarUtilisateurs/default.jpg'),
(490, 'SingleDelivery@gmail.com', 'AmusedSnow', 'CreativeNoise', 'FrizzyEmergency', 0x24327924313024305468794f39327a473639696e70622e534b6657412e6c543442446a4459454a6c4b6a774152516a487a5937526c434461664b5557, 'images/avatarUtilisateurs/default.jpg'),
(491, 'LikelyArmy@gmail.com', 'OpulentRelease', 'ShamefulQuantity', 'CommonModel', 0x2432792431302469355043305042306f5036667a494d76494541746c4f684162786e30534d457a756432622f5433557951714758714e42794e385065, 'images/avatarUtilisateurs/default.jpg'),
(492, 'IrresponsibleWear@gmail.com', 'ShamelessService', 'NutritiousStrike', 'InsistentSurround', 0x24327924313024436a653873656d4c346c7a4a446c4430496c4a527065304878584552644a622f462e55344e452e6162623448562f59373878667869, 'images/avatarUtilisateurs/default.jpg'),
(493, 'RigidPride@gmail.com', 'PossibleChapter', 'ProudAffect', 'MeagerNation', 0x24327924313024736a39617342665935764679435570763230686e322e76664455583477634b6e496450796c514a754a427456626e4b714936376453, 'images/avatarUtilisateurs/default.jpg'),
(494, 'PlumpMeasurement@gmail.com', 'SteelClassic', 'DarkBuddy', 'UnsungLength', 0x2432792431302445523771562f6c396c3748363843554668756d464975734a724e646146314863426e4a335971686e356a342f54536e37597a4c332e, 'images/avatarUtilisateurs/default.jpg'),
(495, 'ComfortableMountain@gmail.com', 'UntimelyPop', 'CharmingPartner', 'LikelyChampionship', 0x243279243130246565456336685467524e74595675792e6f37514f442e6d56614d703544766a41756c32617437733369704c59352e464b506e6d6f69, 'images/avatarUtilisateurs/default.jpg'),
(496, 'MeatySecurity@gmail.com', 'GranularDebt', 'SpitefulAirline', 'BetterCover', 0x24327924313024632e57696b64533749524365392f4a37554d6d6d75757636796d6b47616b2e4b737076684345345653503149542f32663365456b61, 'images/avatarUtilisateurs/default.jpg'),
(497, 'IndolentMobile@gmail.com', 'FarawayClick', 'TrustyTopic', 'EarnestHell', 0x24327924313024327361426172596e39616c3139702e61782e646f756547452f473154494466414d7a7a435436483951655041496e726348514c4336, 'images/avatarUtilisateurs/default.jpg'),
(498, 'MulticoloredSave@gmail.com', 'EquatorialFood', 'CarefulHeight', 'ImpressiveOpposite', 0x24327924313024304c642e34765931357553526d384d5048416a677465774b642f704f413261764669772e634652576b446f34452e4c564e6352372e, 'images/avatarUtilisateurs/default.jpg'),
(499, 'PitifulActive@gmail.com', 'EmotionalLeg', 'EvilCross', 'BothDisk', 0x2432792431302452777a337578626b68427833374a632e35583372484f3276794252636a4e6843747372447a554a304d307772456f59716949715979, 'images/avatarUtilisateurs/default.jpg'),
(500, 'AstonishingStore@gmail.com', 'ZealousFood', 'AlienatedKick', 'BlissfulThanks', 0x2432792431302433583370503875584735443961424e6641566e656d2e427a7a3051676f72397865325574754d4e6b3653543770464d5259614f7079, 'images/avatarUtilisateurs/default.jpg'),
(501, 'SlimyChicken@gmail.com', 'PureRope', 'PlaintiveSpring', 'TruePriority', 0x2432792431302471755131726175514d456542597130507a303778362e616e55374551797152506675596a684172534a755a54612f482e415a686e32, 'images/avatarUtilisateurs/default.jpg'),
(502, 'IncompatibleMember@gmail.com', 'RespectfulTwist', 'TallPassage', 'OverdueAnnual', 0x2432792431302446426d7357526f63536e4e6f32355a554a71616639755a767843564b6968614334684f713141574855755542727248684267786a69, 'images/avatarUtilisateurs/default.jpg'),
(503, 'LinearBase@gmail.com', 'PiercingCounter', 'UnsungWindow', 'KindheartedCourage', 0x24327924313024415647486e4c39764e7a36466b7645656974734d444f51334b58583969674c48764f4561302f4a755537365274327256752f693679, 'images/avatarUtilisateurs/default.jpg'),
(504, 'ConfusedSoil@gmail.com', 'SpiffyFormal', 'WeeklyImprovement', 'PeskyItem', 0x243279243130244154454c32692f5142342e42554251786b757642704f774e37786a384839494e68426e534b47683757774648352f5754785364744b, 'images/avatarUtilisateurs/default.jpg'),
(505, 'FocusedClub@gmail.com', 'KindlyPhoto', 'KindlyBuilding', 'FlakyCancel', 0x2432792431302449513933714a71675a6d44442e71456d4b30694b6d6578527533655965326a39664930657235707a6c384632744e665646776d6771, 'images/avatarUtilisateurs/default.jpg'),
(506, 'PinkGap@gmail.com', 'FineHospital', 'WindingJudge', 'UnlawfulRecommendation', 0x243279243130246a63724b77786c78364d57792e717a787a6d666e41656f704e3346377461744e79674131304859354251674971646f74474739564b, 'images/avatarUtilisateurs/default.jpg'),
(507, 'AbsoluteLeather@gmail.com', 'StarkHabit', 'MulticoloredSource', 'FoolishFrame', 0x2432792431302438624d6978752e68584461574e7856476e4d58556665434a484730644a4872472f5557314c3431507239654d6e65507954796e4d79, 'images/avatarUtilisateurs/default.jpg'),
(508, 'TinyNumber@gmail.com', 'UtterGene', 'OilyDetail', 'DeepCover', 0x24327924313024446775432f62597158444177555a79326766516d3065516a494e4c6e4267346d52596a71416945555472374368754741737361316d, 'images/avatarUtilisateurs/default.jpg'),
(509, 'KindlyCousin@gmail.com', 'JumpyWeb', 'StupendousWoman', 'SubmissivePhoto', 0x243279243130246166324646575769334a32463242366e635534436465356a655a363541564d73644d504f50424a343078314c2f79536e54356c4571, 'images/avatarUtilisateurs/default.jpg'),
(510, 'CreamyJoint@gmail.com', 'FilthyWait', 'MushySpirit', 'TrueDinner', 0x243279243130246f67674a435643724b415a62755170455039366c54654949544b6d2f5349776a4e6a574e455879744d2f6d4e545249366452772e69, 'images/avatarUtilisateurs/default.jpg'),
(511, 'AggravatingObjective@gmail.com', 'FrankGlass', 'FaintDrag', 'RemarkableCharity', 0x24327924313024323578467975687430324a526c4959636b6948492f7558514c462e4774596a554f33554b33335a77456149794e6332716b2e443236, 'images/avatarUtilisateurs/default.jpg'),
(512, 'DownrightYouth@gmail.com', 'ReflectingElection', 'AttachedSide', 'DrabPresence', 0x243279243130246a625978356550506633556a6f435574325246796c4f436d4f3079545666436741533972663363622e544947382e3459775738764f, 'images/avatarUtilisateurs/default.jpg'),
(513, 'IcyInsurance@gmail.com', 'AustereSignal', 'SympatheticVisual', 'RoundAssistance', 0x243279243130246c6a4c697332324d473879362e2f6f30656c6c35726544436c3641544b324762516646454f372e6469304f2e75755450522e61596d, 'images/avatarUtilisateurs/default.jpg'),
(514, 'CrowdedBird@gmail.com', 'AmusingJudge', 'GrossWay', 'DefensiveDesigner', 0x243279243130246b4a7159546754552f42333452785468757256666c4f7349346f5450356a75514e64586e67345774587a2e71746c5377323749766d, 'images/avatarUtilisateurs/default.jpg'),
(515, 'VastDevil@gmail.com', 'NearBonus', 'JealousGuy', 'FavorableFlight', 0x24327924313024396f4d456f706c716a474456356e657556643671692e776253746b6c31444578553772454f6f504b2f5836583058626d2f53313071, 'images/avatarUtilisateurs/default.jpg'),
(516, 'VigorousOrange@gmail.com', 'LovablePause', 'WideCombine', 'ProductiveGuest', 0x24327924313024322f41504b38416243617941316a6652776761734e654637474561652e4a564c6a6e514c3355392e38343142496535787a52476457, 'images/avatarUtilisateurs/default.jpg'),
(517, 'DotingDiscipline@gmail.com', 'LinearBeautiful', 'GlitteringBeer', 'AcidicResist', 0x243279243130246c684b2e53723136345a485137313778632e7532754f2f53724b5169517151314d4d75323170626f7a4d5043317531333154625461, 'images/avatarUtilisateurs/default.jpg'),
(518, 'SneakyMixture@gmail.com', 'EachDisk', 'DeliriousWorth', 'BreakableGrand', 0x24327924313024586b5a512e56636771676353793449786a622f42632e4d4b34564f7a3647616c56527168394670626955615a7270664b534e633336, 'images/avatarUtilisateurs/default.jpg'),
(519, 'MuddyCancer@gmail.com', 'NeedyCause', 'LiquidNecessary', 'GrayMood', 0x243279243130244c694b6d514b6d6469444b302f42707a6149433276657064574746434f656d335a3638696574704c63686978593764326772476a71, 'images/avatarUtilisateurs/default.jpg'),
(520, 'YouthfulToe@gmail.com', 'WealthyDebt', 'EnragedCoat', 'ImpassionedMode', 0x243279243130245768753771465a3457574f3768522f67367a666e312e6a76314853396d4a35465475753158646d38393543335632635a6638583653, 'images/avatarUtilisateurs/default.jpg'),
(521, 'Wide-eyedSpell@gmail.com', 'NutritiousResponsibility', 'SmartRuin', 'LumberingSecret', 0x2432792431302453497474486132644c6e384b57464f7833386a6f73652e636b75544e5a7444504333554d6a694d664f4a6d323669694b6e464b564b, 'images/avatarUtilisateurs/default.jpg'),
(522, 'AwkwardTie@gmail.com', 'TintedClassic', 'BeneficialInflation', 'ChillyLeague', 0x243279243130243031445a4d447434697976564248547963777334324f755255467371446c724264644c78764c63516649596d655570644759527869, 'images/avatarUtilisateurs/default.jpg'),
(523, 'BonyNumber@gmail.com', 'ValuableMarriage', 'DisgustingChange', 'UnitedContract', 0x24327924313024537339354b474b5055587933483639334c6e586b764f474c6a526e766b2f30494f36556147686a5644504d7135472e6867377a6661, 'images/avatarUtilisateurs/default.jpg'),
(524, 'AncientDesigner@gmail.com', 'ScalyAdministration', 'DraftyNoise', 'WonderfulGreen', 0x243279243130246a37702e316e636432785a784b4d624e45444b427965354a3045616a53494b7366626445794659572f30614874785736704b496675, 'images/avatarUtilisateurs/default.jpg'),
(525, 'StainedPresence@gmail.com', 'CrazyAdministration', 'SoftSecurity', 'KosherTop', 0x2432792431302436395274583839712e41526155654e724833794b462e4e3144766c53336730775a6436325262415445717a586b4a376a4c52516879, 'images/avatarUtilisateurs/default.jpg'),
(526, 'GleamingJob@gmail.com', 'EsteemedDrop', 'ParchedInjury', 'AltruisticBrush', 0x2432792431302470794c7438375347776a517848336676593137556765354c45694f754b73732e5666644d4643556a3542437874616c427266344769, 'images/avatarUtilisateurs/default.jpg'),
(527, 'NaughtyRing@gmail.com', 'JealousGive', 'Well-madeSecretary', 'InsubstantialSense', 0x24327924313024366d427768386b615457694c6730346231366d53682e6b6656337654496d344730765851536b6e58356e2f716c41483472336e5665, 'images/avatarUtilisateurs/default.jpg'),
(528, 'ArtisticIsland@gmail.com', 'BrilliantDeparture', 'NeedyDiet', 'AdventurousTouch', 0x243279243130245973554967702e5965654e79464a58366d3979724d2e417039704e42617373766f43354d79797a357a646e434a6e63476231536b75, 'images/avatarUtilisateurs/default.jpg'),
(529, 'BlondCrack@gmail.com', 'AttentiveMaterial', 'PoliticalFamiliar', 'MurkyGolf', 0x2432792431302479424f39615762502e4a6b46767858386b353668542e3962774262735a6d6d44584b524c6e59447a67653853767a4c7a366c4b2e69, 'images/avatarUtilisateurs/default.jpg'),
(530, 'KindheartedHand@gmail.com', 'IdealisticFee', 'ExcitingDog', 'BuoyantSuccess', 0x243279243130247a70527174734f5368695359686a637a544879556c654e766b56702f7a2f2e6264436631777165333956796a37593332477558432e, 'images/avatarUtilisateurs/default.jpg'),
(531, 'AmpleFlow@gmail.com', 'GrouchyRace', 'SnarlingMeaning', 'CrowdedHarm', 0x243279243130243439314f45545162746357315734763558714d7459754e32554b396f5a57504a52375859647255686b67572e45692e4d61586e5965, 'images/avatarUtilisateurs/default.jpg'),
(532, 'HandyCourse@gmail.com', 'SecondarySong', 'FirsthandFly', 'ShortProtection', 0x2432792431302459616575673736626b47584f645535676e6372636575705964715971507379637872656d64664d7067637564734f654a6636666b43, 'images/avatarUtilisateurs/default.jpg'),
(533, 'AgitatedMiddle@gmail.com', 'AmusingCookie', 'ArcticHand', 'ButteryInteraction', 0x243279243130244c694848446b2f2e497130535331586d455a486b657536506d56764868484749723667656868574c48734475777266756e56386a57, 'images/avatarUtilisateurs/default.jpg'),
(534, 'MarriedAccount@gmail.com', 'VigorousGod', 'TriangularResolve', 'HomelyStyle', 0x24327924313024566964503653513133502e754f4530647867444a434f78755859654b664e6774454a2f494b4d672f66695457446235755a38314336, 'images/avatarUtilisateurs/default.jpg'),
(535, 'UnfitBase@gmail.com', 'OverjoyedCause', 'DistantSingle', 'SoupyNational', 0x2432792431302474466a4c6a7963482e33505561793075446374637a2e433045716a6f5a7259416a4b492f72795476577069326f37786c636667664f, 'images/avatarUtilisateurs/default.jpg'),
(536, 'PlaintiveLove@gmail.com', 'ZigzagCurrent', 'PungentFall', 'JuniorSalary', 0x2432792431302442686d3545726f37662e643458325a73376f694376753657336974434d4f624a6f75584b6557307255454d6756514f44616d4b512e, 'images/avatarUtilisateurs/default.jpg'),
(537, 'JoyousCover@gmail.com', 'PuzzledPainting', 'WorldlyFront', 'WoodenCollection', 0x243279243130246963763265543235456d6d78433373446a584b2f634f456433332e727a4f66325342335a78757138583348624f4c61387a674d4357, 'images/avatarUtilisateurs/default.jpg'),
(538, 'SarcasticDiet@gmail.com', 'EagerMud', 'SoupyResult', 'OverlookedCriticism', 0x24327924313024423278595754537156642e473970517a636a387a312e65424f376b396e5147796e59775852354a714f4f4c573774764f77584e6147, 'images/avatarUtilisateurs/default.jpg'),
(539, 'SteelNatural@gmail.com', 'AgedShift', 'CrowdedForm', 'UtterSun', 0x243279243130246b5a5378566a6d3436306447356e345670736268544f7a55446e31654d504267676b5a36503335383036794643394e77366b4d5757, 'images/avatarUtilisateurs/default.jpg'),
(540, 'ScaredHospital@gmail.com', 'BuzzingDance', 'AlarmedMaster', 'GratefulDress', 0x243279243130245a344a2f65733853674d6b412f2f2f42484e38726d4f45585148727271434c3649775a51525537724d4659505655655554716b662e, 'images/avatarUtilisateurs/default.jpg'),
(541, 'StupendousSuggestion@gmail.com', 'BriskCreative', 'UnsungSea', 'DescriptiveAnalyst', 0x24327924313024734c6637776e754e35386858504678314a3273714c2e394772773537516b482e374b706b46596f6b464358547566324a7676477a4f, 'images/avatarUtilisateurs/default.jpg'),
(542, 'NeighboringBitter@gmail.com', 'StrictFeedback', 'HandyHarm', 'IndolentArrival', 0x243279243130244e5732627a7664765a746e4434534541313972465675705536762f33796c3039326c52644d69665765456f536b6a75675851304a75, 'images/avatarUtilisateurs/default.jpg'),
(543, 'OverlookedMinimum@gmail.com', 'LawfulFlow', 'IncompleteLoss', 'CapitalInternational', 0x243279243130245477482e576555542e563734457365672f58495537657a67454f6f4570334f4d355a3845626a305967513061623752343353793061, 'images/avatarUtilisateurs/default.jpg'),
(544, 'ExtrovertedThomas@gmail.com', 'ScrawnyButton', 'MoistTrick', 'PrimeSuspect', 0x243279243130246b6a75776e315a42566f556c775a6a6b476c7a652f7566315a3563356a34594f457366374f76633675585a4e3663764d4d5a4b6b65, 'images/avatarUtilisateurs/default.jpg'),
(545, 'NotableDistrict@gmail.com', 'LastingTest', 'LovablePractice', 'TepidWinter', 0x243279243130245468346b5856454b65742e69725064583375545276655166575765673435565246757454777a473656615057346a52627555755a4b, 'images/avatarUtilisateurs/default.jpg'),
(546, 'DistantBackground@gmail.com', 'TubbyTip', 'SmallNorth', 'LoathsomeImage', 0x243279243130244d4878436154776b2f48467451314b6d656b6d53372e6e477646627232756830753679755a654f64522e722f74345430764d6f6447, 'images/avatarUtilisateurs/default.jpg'),
(547, 'FrenchPresence@gmail.com', 'ImmaculateSleep', 'HotSavings', 'RotatingRefrigerator', 0x2432792431302465736e73504567675954794a41496741533779636e2e442f5831362f3754644438673648524467716c503362414d706b3748543179, 'images/avatarUtilisateurs/default.jpg'),
(548, 'PlaintiveGold@gmail.com', 'InformalBoy', 'AutomaticPiece', 'GeneralMachine', 0x24327924313024523579633354516a4250562f382e444c2f597a71692e4530384d43426950512f7747394d44535875657458787975494e2f52576e4b, 'images/avatarUtilisateurs/default.jpg'),
(549, 'ScholarlyStruggle@gmail.com', 'TintedOperation', 'FondAir', 'HonorableReach', 0x2432792431302465344744786b4e315a3666424d6958594c4c4c7a642e687975495342622e766956544874475734345735386c374e2e326b75586457, 'images/avatarUtilisateurs/default.jpg'),
(550, 'ImpassionedIndication@gmail.com', 'GreenClimate', 'ForthrightOwner', 'GlamorousRough', 0x243279243130244b646a516a4b527a67396c6a4f4a6b48504a7274322e4e4b76696633672e56705030636b5a6e2f6d47625068662e6754364f503769, 'images/avatarUtilisateurs/default.jpg'),
(551, 'HospitableMouth@gmail.com', 'ThirstyBank', 'VengefulAttack', 'BadWake', 0x2432792431302475434a4f4739587a503348434d76645979387867636571516758674d586f6369456c483079377865334254362e494c656137787932, 'images/avatarUtilisateurs/default.jpg'),
(552, 'LoathsomeProfession@gmail.com', 'Ill-informedBowl', 'PreciousDevil', 'MammothImportance', 0x2432792431302433494e675a317645392f4d6a694d634167677667324f497a69522e4d4861743436456e527979426a6648752e4a6865706c38516979, 'images/avatarUtilisateurs/default.jpg'),
(553, 'WastefulSavings@gmail.com', 'PricklyCan', 'High-levelOffer', 'TastyHistory', 0x243279243130247245463452504b6e4b784a71586b456e6f42766a2f4f5558544c546231664539736a506a63474f3166463250336e454c5568755853, 'images/avatarUtilisateurs/default.jpg'),
(554, 'RipeConflict@gmail.com', 'HandyMessage', 'DigitalExample', 'CraftyBathroom', 0x24327924313024634873686145762e4b71684c515865755132556c692e64376836364f6459477349704330663978714e4c5371496b4262584870514f, 'images/avatarUtilisateurs/default.jpg'),
(555, 'WonderfulPhone@gmail.com', 'TruthfulAwareness', 'TriflingLock', 'EverlastingBeach', 0x24327924313024724b74344f31555571586363485a783159376e39622e6f6e2e713437724a414f6f4b50345755323831496c584b41616d4f4e473736, 'images/avatarUtilisateurs/default.jpg'),
(556, 'ImpassionedCurve@gmail.com', 'FantasticBuddy', 'TrueDog', 'Long-termSignal', 0x243279243130245a4d4f2f764e394a6d5a376357655659336c666e78654f70664d6c69632f303168436363746d374e7355475a47514a586648384857, 'images/avatarUtilisateurs/default.jpg'),
(557, 'DefinitiveSign@gmail.com', 'EagerClimate', 'ShamelessPresent', 'AmbitiousHeavy', 0x243279243130247341656c724b36586d4a453265734172644559624375314b372e4a6a7164756e356e6e426d534b54472e726352794f556c782f522e, 'images/avatarUtilisateurs/default.jpg'),
(558, 'CookedArm@gmail.com', 'HungryReception', 'TautSource', 'FabulousAward', 0x243279243130245a2f744b42414667724466556f75586b37527037787535392f4974436b32317731624e396963356a5437437146664837576459426d, 'images/avatarUtilisateurs/default.jpg'),
(559, 'CleanLaugh@gmail.com', 'StarkSector', 'NarrowPatience', 'TrustworthyInitiative', 0x24327924313024564545454168444369312e3833715178454a672f396575346f68534f4f713330704f574c75765963475536702f36583652484f6969, 'images/avatarUtilisateurs/default.jpg'),
(560, 'ArcticShip@gmail.com', 'SingleCommand', 'UselessTom', 'AverageDepth', 0x24327924313024616f4665655233654d555644374c426f696d58767775726764376d484c3672614646394f344c536471717830567a4945575350564f, 'images/avatarUtilisateurs/default.jpg'),
(561, 'Ill-fatedCorner@gmail.com', 'HotNovel', 'CylindricalBeat', 'EminentSilly', 0x24327924313024796d59434e2f2f3832643869516e467937426b6c754f6755676462546c41754a70524e504434413264377566572e3468614f444a71, 'images/avatarUtilisateurs/default.jpg'),
(562, 'MarriedToe@gmail.com', 'TrustingWork', 'IndolentEarth', 'FlamboyantSeries', 0x2432792431302472534e4a64314174565473784a4a4b314f72595474752e374c516c78454f5a48596a5542417564522e476d4846696c6479702f6a47, 'images/avatarUtilisateurs/default.jpg'),
(563, 'HandyChildhood@gmail.com', 'BetterDemand', 'HastyStatus', 'HighGlad', 0x243279243130245348317a447652447773442f49413256636763685175653375325054446a534d6948323634313343716835723666697935365a556d, 'images/avatarUtilisateurs/default.jpg'),
(564, 'DenseYesterday@gmail.com', 'ValidTaste', 'IllegalPressure', 'WhichPlane', 0x24327924313024756a562f6d70703850442f3361433334365a4e465775777065774b66614c775876664955684145684535566754675664376b445475, 'images/avatarUtilisateurs/default.jpg'),
(565, 'BountifulEscape@gmail.com', 'CraftyAppointment', 'SingleBrave', 'AcceptablePack', 0x24327924313024684e796a394374754d3445625471703950557a55412e5734677a382f4666445062492f37736c6e5041653044474d727645776b3579, 'images/avatarUtilisateurs/default.jpg'),
(566, 'FlippantBrother@gmail.com', 'RepulsiveNetwork', 'UnlinedAdvantage', 'SturdyMovie', 0x243279243130244f33644d306e2e7245335330314c52507936654e38657a6d684a4454325a6466597879526f334158615a5a58783434326268496b6d, 'images/avatarUtilisateurs/default.jpg'),
(567, 'DifficultBreath@gmail.com', 'GargantuanLight', 'GloomyJob', 'FragrantString', 0x2432792431302453797253306732316d4a7a6e76383569793069595275656a4b786e68646f6945416d6e3475486d34394835342e487267674356394f, 'images/avatarUtilisateurs/default.jpg'),
(568, 'ScentedResearch@gmail.com', 'ArtisticComputer', 'WiseHome', 'HeavenlySuck', 0x243279243130242f44585753574c373853376a6b6b70324665536c49653076594130552e747850783370655a734f2e3669455775566439464d7a6732, 'images/avatarUtilisateurs/default.jpg'),
(569, 'NearJoin@gmail.com', 'GiganticChange', 'HonorableAdministration', 'SardonicBeach', 0x2432792431302431626253372e7a3677426a394c33546738676c6f346565624c666d4b7a7667565534644f54465a514157674a396b306857596c4969, 'images/avatarUtilisateurs/default.jpg'),
(570, 'DependableSell@gmail.com', 'BlaringNation', 'CompetentDistribution', 'SteepFold', 0x2432792431302451714a5536434533752e5a41306861612f576e5343756b53594c366a527338436730396b457536434f334a2f744a586c4d78417032, 'images/avatarUtilisateurs/default.jpg'),
(571, 'ChiefHuman@gmail.com', 'AvariciousPhase', 'TubbyGate', 'UnsightlyStep', 0x24327924313024385930717377533061324a4d643854364574774b762e586172793356744b4170574d7356764131646a77636d4f6152374d74316f47, 'images/avatarUtilisateurs/default.jpg'),
(572, 'DirectArmy@gmail.com', 'TotalMine', 'HardEnvironment', 'HandyBig', 0x24327924313024426163496755796a31654b6a62566437336244493065676e7249412f53386157584143784a3643325251647456646a7070644a3361, 'images/avatarUtilisateurs/default.jpg'),
(573, 'LimitedReview@gmail.com', 'SnivelingSilver', 'BiodegradableHorror', 'AffectionateChildhood', 0x24327924313024317a5a6f4d6c6b395672425a79725a56486539786e65706b6c6857765855482f74637055533275444675723163525537374e6a5765, 'images/avatarUtilisateurs/default.jpg'),
(574, 'BareReception@gmail.com', 'NimbleStroke', 'TragicCounty', 'SuspiciousStock', 0x24327924313024707236493649457a724c3153316d4930316333786e2e462f625877356a543772377243687a52487939335a656b6e3935682f6c2f57, 'images/avatarUtilisateurs/default.jpg'),
(575, 'TanExtent@gmail.com', 'PrudentCustomer', 'StingyStretch', 'ExperiencedPie', 0x243279243130244e3674775a7a57486654536c515a4546366e5a6e722e6479324244697044654454514775514d474b4731654a396946543938737943, 'images/avatarUtilisateurs/default.jpg'),
(576, 'FineKnee@gmail.com', 'LovelyCap', 'MonthlyTarget', 'Hard-to-findExternal', 0x243279243130244664686b7077306155315431464f43306b543377654f44467645584d4d4c39584a31746156694954454f756f363879494835787661, 'images/avatarUtilisateurs/default.jpg'),
(577, 'HungryMethod@gmail.com', 'StraightTrash', 'FinePrivate', 'MinorPush', 0x24327924313024366c666b5276476b515348346f2f4d7878715250344f387a3839696964314e63454c57525765476c35724643326844537741754671, 'images/avatarUtilisateurs/default.jpg'),
(578, 'MerryDepression@gmail.com', 'DisastrousRelative', 'DiscreteGreen', 'DramaticCrazy', 0x24327924313024467166662e466f6565556e4f4b6d2f4f32344e37326562566c6b5944784f52595630674a4a39334d6377514c38527363376933384f, 'images/avatarUtilisateurs/default.jpg'),
(579, 'RegalLog@gmail.com', 'ActiveStaff', 'CommonWrap', 'WhisperedPlan', 0x2432792431302450725033564a422f46354c587967437a484432336c4f3141315659442f37333166546f624249515a614f643537496b57454b59462e, 'images/avatarUtilisateurs/default.jpg'),
(580, 'AstonishingPie@gmail.com', 'TestyMember', 'UnderstatedBathroom', 'UnusualCable', 0x24327924313024434963584d2e6e347668474463307a733969757765657a3148663975572f7178587761433154587742762e67385373534370343271, 'images/avatarUtilisateurs/default.jpg'),
(581, 'SoulfulSomewhere@gmail.com', 'TornPoet', 'High-levelCompetition', 'BeneficialDrink', 0x24327924313024577451677a7a524e754832786451336c74646d346e4f732f792f6f503369665a4b476774412e753473682e4e4c4977555a50503757, 'images/avatarUtilisateurs/default.jpg'),
(582, 'DearMilk@gmail.com', 'VapidIncome', 'EmptyUpstairs', 'SnivelingSpare', 0x243279243130244346303267595a51652f4c424e646a354559457768657973687273302f6b5853334f734f336670756664374f325668423962553679, 'images/avatarUtilisateurs/default.jpg'),
(583, 'HumongousPerson@gmail.com', 'GloomyAttempt', 'FairChest', 'VengefulMidnight', 0x243279243130247978617834756531514749755a755551476a6772762e57493162682f4e37576a546c642e333452335168462e4548396a3565365461, 'images/avatarUtilisateurs/default.jpg'),
(584, 'HastyChampion@gmail.com', 'OriginalBlue', 'YouthfulLayer', 'MotherlyBus', 0x2432792431302471326e754548514a7a6b4a336635486556553848752e544351464d6b2f486b65696b70666535566463796a4352656868365a4a2f71, 'images/avatarUtilisateurs/default.jpg'),
(585, 'BogusSpecial@gmail.com', 'LongAnimal', 'BrownTrade', 'UnsightlyFlight', 0x24327924313024346a4c70375651303853736e6952397769767249474f774b79584d5351536f73594b7270344e6c676a484749666f316234376a5943, 'images/avatarUtilisateurs/default.jpg'),
(586, 'SpryJacket@gmail.com', 'AlertMembership', 'RelievedTeacher', 'IgnorantImpact', 0x243279243130246230333438504d4a4e526533694a38556d55525267756a6b494743417449326474542e362f31766662497a34674648445436716f4f, 'images/avatarUtilisateurs/default.jpg'),
(587, 'EssentialRed@gmail.com', 'PolishedDesk', 'ShinyDifference', 'UselessPlate', 0x24327924313024436465657249736458476950797630594f62644d6e7561314533574f59474a69565354766e4e39476b4f634f676d36437638316832, 'images/avatarUtilisateurs/default.jpg'),
(588, 'NotableGoal@gmail.com', 'HospitableCategory', 'DefensiveValue', 'GiganticEase', 0x2432792431302452784b57506f304c357a3636647273775a45416a612e4f7461623335772e634c5437594c6c78415830556b4b6c614a4e6241553369, 'images/avatarUtilisateurs/default.jpg'),
(589, 'VibrantMap@gmail.com', 'SweatySmile', 'SociableDirection', 'LiquidEnvironment', 0x2432792431302474575a67375352384b31757333387477526b564a577561466269734177372f4739455446677258476b68545445364f6e6668612e57, 'images/avatarUtilisateurs/default.jpg'),
(590, 'CalmExit@gmail.com', 'DenseRecord', 'QualifiedImpress', 'InstructiveStudent', 0x2432792431302449624f6b594f617a5834394770504e36706261347365374753506e304659737870715073507151357238326c47764f346131565257, 'images/avatarUtilisateurs/default.jpg'),
(591, 'DeterminedDetail@gmail.com', 'SupportiveDistance', 'ToughChallenge', 'ShadyAside', 0x24327924313024676f7449707641337346747a434a6a764c4e50397a756e3076614d7a5254706a78676e616c7054686d65764f54707554546e506361, 'images/avatarUtilisateurs/default.jpg'),
(592, 'DrearyTop@gmail.com', 'NegligibleTrainer', 'ImpureBreath', 'GargantuanAdvertising', 0x24327924313024594c37737052354d542e5549304c54524d334365746549454d6a77574f556b6f5651623564566d384c6d442f4170342e327341564f, 'images/avatarUtilisateurs/default.jpg'),
(593, 'ModestBite@gmail.com', 'ScalyPrivate', 'AustereDeath', 'FoolhardyHigh', 0x243279243130247630753853533872773038465145446c46672e7436756d444b58726361726965315173336c6b7a3352516f552e616b4f614d396871, 'images/avatarUtilisateurs/default.jpg'),
(594, 'DualMoney@gmail.com', 'StiffStand', 'NeatRespond', 'IncompletePersonality', 0x243279243130247a384b3257734e4b454c42355a44714865644370514f586f67436e6f6f444d516c6d33686f6c48594c526d47474b466d49764c6965, 'images/avatarUtilisateurs/default.jpg'),
(595, 'PricklyTourist@gmail.com', 'UnfinishedPhysical', 'DampFood', 'StripedUpper', 0x243279243130247668626f312e516d6b52592e3534735439446b33614f694b4856445439754139524f6b614b37335a4a414d576441563355584a6b4f, 'images/avatarUtilisateurs/default.jpg'),
(596, 'EvilPlan@gmail.com', 'DisastrousDraft', 'CrookedMiddle', 'HeftyImplement', 0x243279243130245575696b5031376b684b474e495a6a753844574b694f4558492e664b7349344b704c464664684973637a4754477473645365474c4b, 'images/avatarUtilisateurs/default.jpg'),
(597, 'HuskyResult@gmail.com', 'DeterminedShip', 'TartFloor', 'CuddlyWorry', 0x243279243130246e5138636a6f467534616a5346516848377238392e2e73654a4379676a38626b3955674e685842637954375665737550396a477875, 'images/avatarUtilisateurs/default.jpg'),
(598, 'InternalNumber@gmail.com', 'UncommonHeat', 'SugaryLevel', 'GrippingSoil', 0x24327924313024747846466933724b775155772e417451746f5134502e7235744a7452437458595453554e5a5963557434573261667561796579324b, 'images/avatarUtilisateurs/default.jpg'),
(599, 'CurvyCondition@gmail.com', 'ThornyLawyer', 'ColossalResist', 'ImmediateYoung', 0x24327924313024313438643565617171475670536a6258486158552f4f6349694a474a30734e486764464d5179654b64567253353536523070496557, 'images/avatarUtilisateurs/default.jpg'),
(600, 'PushyAgreement@gmail.com', 'DistantAct', 'EvenGolf', 'HumongousCigarette', 0x24327924313024576f377436544c6a6c695a3455797962364834394e656c6c74355056314f78476458366e45616d314c523435785333784959394b47, 'images/avatarUtilisateurs/default.jpg'),
(601, 'abcedf@gmail.com', 'TestDeNom', 'Prenom', 'MonPseudonyme', 0x24327924313024635568746a546858375867674c6f554a48657157322e592e4252536b787238414a5871485662755655705539677845756354626332, '/images/avatarUtilisateurs/601.jpg'),
(602, 'monadressemail@gmail.com', 'MonNom', 'MonPrenom', 'MonPseudonyme', 0x243279243130247a7330386e714f6c344932415543764c57654134594f38356230766d547a567332667250684962373149565331414e2e6651417353, '/images/avatarUtilisateurs/602.jpg'),
(603, 'ad@gmail.com', 'monNom22', 'monPrenom', 'monPseudonyme', 0x24327924313024377275333546496345564d502e524d2f623247737665546c68516b4c684959563648345a7451556371306c4553782f735235646b57, '/images/avatarUtilisateurs/603.jpg'),
(604, 'ade@gmail.com', 'monNom', 'monPrenom', 'monPseudo', 0x24327924313024462e47764b61634c53796946697962495332735151755577504439554a4779346c523778474d45536f6c615144332e36394e645769, '/images/avatarUtilisateurs/.jpg'),
(606, 'adeee@gmail.com', 'monNom', 'monNouveauPrenom', 'monPseudo', 0x243279243130244d7446524d47653857414b6e5462544239613970312e653055704e4c334f77594b37736f56334d35674a5155684f2e33376d4e4b36, '/images/avatarUtilisateurs/606.jpg'),
(607, 'projetturingenigma@gmail.com', 'MonNom', 'MonPrenom', 'MonPseudo22', 0x243279243130244b6134734777685042372e692e6b65724f4a4c35622e71747864334e7a2e47542f67544f476a39375759354c6a6d462f3458736247, '/images/avatarUtilisateurs/607.jpg');

--
-- Contraintes pour les tables déchargées
--

--
-- Contraintes pour la table `match`
--
ALTER TABLE `match`
  ADD CONSTRAINT `_match_fk_tournament_id` FOREIGN KEY (`fk_tournament_id`) REFERENCES `tournament` (`id`),
  ADD CONSTRAINT `_team_id_1` FOREIGN KEY (`fk_team_id_1`) REFERENCES `team` (`id`),
  ADD CONSTRAINT `_team_id_2` FOREIGN KEY (`fk_team_id_2`) REFERENCES `team` (`id`),
  ADD CONSTRAINT `_team_id_winner` FOREIGN KEY (`fk_team_id_winner`) REFERENCES `team` (`id`);

--
-- Contraintes pour la table `privilege`
--
ALTER TABLE `privilege`
  ADD CONSTRAINT `privilege_team_id` FOREIGN KEY (`fk_team_id`) REFERENCES `team` (`id`),
  ADD CONSTRAINT `privilege_user_id` FOREIGN KEY (`fk_user_id`) REFERENCES `user` (`id`);

--
-- Contraintes pour la table `session`
--
ALTER TABLE `session`
  ADD CONSTRAINT `__fk_team_id` FOREIGN KEY (`fk_team_id`) REFERENCES `team` (`id`),
  ADD CONSTRAINT `__fk_user_id` FOREIGN KEY (`fk_user_id`) REFERENCES `user` (`id`);

--
-- Contraintes pour la table `team`
--
ALTER TABLE `team`
  ADD CONSTRAINT `_tournament_id` FOREIGN KEY (`fk_tournament_id`) REFERENCES `tournament` (`id`);

--
-- Contraintes pour la table `tournament`
--
ALTER TABLE `tournament`
  ADD CONSTRAINT `tournament_user_id_manager` FOREIGN KEY (`fk_user_id_manager`) REFERENCES `user` (`id`);
COMMIT;

/*!40101 SET CHARACTER_SET_CLIENT=@OLD_CHARACTER_SET_CLIENT */;
/*!40101 SET CHARACTER_SET_RESULTS=@OLD_CHARACTER_SET_RESULTS */;
/*!40101 SET COLLATION_CONNECTION=@OLD_COLLATION_CONNECTION */;
